Compound,Date,Negative,Neutral,Positive,Text,Tweets Ago,User
0.6249,Thu Jun 28 19:02:55 +0000 2018,0.0,0.814,0.186,"President Trump mentioned his ""Make America Great Again"" slogan and hats while speaking in Wisconsin.

In 2020, he… https://t.co/EH3Jc28Inw",1,@CNN
-0.8126,Thu Jun 28 15:29:47 +0000 2018,0.261,0.739,0.0,Mexico goes to the polls this weekend. This story has been updated to say that the 132 people killed in attacks ahe… https://t.co/UbFN1uGdgX,2,@CNN
0.0,Thu Jun 28 12:14:29 +0000 2018,0.0,1.0,0.0,Kentucky's sweeping Medicaid work requirement experiment is about to begin https://t.co/PKITF5sQn8,3,@CNN
-0.2144,Thu Jun 28 07:47:06 +0000 2018,0.085,0.915,0.0,"Not only did the German team crash out of the #WorldCup on Wednesday, but Angela Merkel is also facing a make-or-br… https://t.co/sxDt6YuFMn",4,@CNN
-0.5267,Thu Jun 28 02:30:07 +0000 2018,0.175,0.825,0.0,"Democrats are in danger of going too far left for 2018, writes Joe Cunningham for @CNNOpinion… https://t.co/5t5TFUhaq7",5,@CNN
-0.25,Wed Jun 27 23:44:06 +0000 2018,0.143,0.762,0.095,"Ben Jealous, a former NAACP leader endorsed by Bernie Sanders, moved a step closer to becoming Maryland's first bla… https://t.co/2jUyBLvNIe",6,@CNN
0.0,Wed Jun 27 21:13:03 +0000 2018,0.0,1.0,0.0,Here's everything you need to know about tonight's Strawberry Moon https://t.co/X51oi9eWCg https://t.co/HwR8rcSMEm,7,@CNN
0.8316,Wed Jun 27 18:47:08 +0000 2018,0.0,0.63,0.37,"President Trump will push for the swift confirmation of a Supreme Court justice ""before the midterm elections,"" a s… https://t.co/GoJKdqOTN5",8,@CNN
0.0258,Wed Jun 27 15:14:06 +0000 2018,0.166,0.663,0.171,Facebook has abandoned an ambitious plan to design and produce its own drones. https://t.co/OsmYnonbis,9,@CNN
-0.2263,Wed Jun 27 11:39:58 +0000 2018,0.139,0.861,0.0,"Galvanized by the issue of teachers pay and school funding, Oklahoma teachers marched and protested in the state Ca… https://t.co/hZy59EsrpY",10,@CNN
0.0,Wed Jun 27 07:09:04 +0000 2018,0.0,1.0,0.0,"Luxury handbags, jewelry, cash and goods seized from six properties linked to former Malaysian Prime Minister Najib… https://t.co/sx5qNtjGEu",11,@CNN
0.0,Wed Jun 27 03:45:00 +0000 2018,0.0,1.0,0.0,GM is bringing back the Chevy Blazer — an SUV classic — for the first time since 2005 https://t.co/8c76T8c0gI https://t.co/vpt0Pkjn5L,12,@CNN
0.4754,Wed Jun 27 00:00:23 +0000 2018,0.0,0.829,0.171,Aston Martin has unveiled the most powerful regular production car the company has ever offered… https://t.co/1dSgNbOo1Z,13,@CNN
0.8271,Tue Jun 26 20:11:07 +0000 2018,0.12,0.492,0.388,"President Trump awarded a posthumous Medal of Honor to World War II hero Garlin Murl Conner, believed to be the sec… https://t.co/KPCKlNUyNs",14,@CNN
0.0,Tue Jun 26 16:51:27 +0000 2018,0.0,1.0,0.0,The 55 most over-the-top lines from Donald Trump's South Carolina speech | Analysis by Chris Cillizza… https://t.co/SAkA6HJ7jt,15,@CNN
0.296,Tue Jun 26 13:30:00 +0000 2018,0.0,0.879,0.121,CNN's Jim Acosta faced both heckling and supportive statements while covering a rally for incumbent South Carolina… https://t.co/H00a7C7rM5,16,@CNN
0.0,Tue Jun 26 10:16:33 +0000 2018,0.0,1.0,0.0,McDonald's and Starbucks are among dozens of companies caught in a crackdown on plastics in India https://t.co/NgmApTcL9a,17,@CNN
-0.5256,Tue Jun 26 05:15:04 +0000 2018,0.22,0.78,0.0,"India is the most dangerous country to be a woman, survey shows https://t.co/XAfPp1j4Te https://t.co/NrvdV0pSoA",18,@CNN
0.5965,Tue Jun 26 01:15:06 +0000 2018,0.0,0.77,0.23,This palace is one of the most culturally rich destinations in Vietnam https://t.co/AIclngDZ1L https://t.co/17wP17dRh1,19,@CNN
-0.34,Mon Jun 25 22:09:03 +0000 2018,0.13,0.87,0.0,Senate Minority Leader Chuck Schumer sharply criticizes fellow Democrat Rep. Maxine Waters for calling on opponents… https://t.co/5jYit3bAaQ,20,@CNN
0.4404,Mon Jun 25 18:59:05 +0000 2018,0.122,0.609,0.269,A teacher's dying wish helps hundreds of needy kids with backpacks and school supplies https://t.co/Dos2eW9C70 https://t.co/W66lBwIzt1,21,@CNN
0.0,Mon Jun 25 16:10:09 +0000 2018,0.0,1.0,0.0,"""America is our last hope,"" detainees in McAllen, Texas, told Sen. Elizabeth Warren https://t.co/UtrtvcU4li https://t.co/zGeZy3UhEa",22,@CNN
0.4767,Mon Jun 25 13:02:43 +0000 2018,0.1,0.669,0.23,"In the middle of the Pride parade, two New York City fire department medics paused for a heartwarming proposal… https://t.co/kxujVc4BCK",23,@CNN
-0.7351,Mon Jun 25 09:29:45 +0000 2018,0.343,0.536,0.121,"Just weeks out of prison, Meek Mill debuted a song that delivered a blistering criticism of the criminal justice sy… https://t.co/Iil4H92dSt",24,@CNN
0.4019,Mon Jun 25 03:15:06 +0000 2018,0.0,0.816,0.184,"How soybeans -- yes, soybeans -- could impact the midterm elections https://t.co/4KclAApMvN https://t.co/Yt7ZVh9kES",25,@CNN
0.0,Sun Jun 24 23:00:18 +0000 2018,0.0,1.0,0.0,Every single person in charge of law and order in this Georgia town is a black woman https://t.co/fkQvdWFMJ1 https://t.co/3rvP1ka6rS,26,@CNN
0.5859,Sun Jun 24 18:04:49 +0000 2018,0.0,0.759,0.241,England record biggest ever #WorldCup win after putting six goals past Panama https://t.co/7mKw5AYwMC,27,@CNN
0.6597,Sun Jun 24 13:31:10 +0000 2018,0.0,0.779,0.221,"Sen. Bernie Sanders: President Trump needs to ""make it clear that the United States of America is not a nation whic… https://t.co/DZH2lkQ1p6",28,@CNN
0.3612,Sun Jun 24 09:31:00 +0000 2018,0.0,0.889,0.111,"After three years of restoration at Yosemite National Park, some of the world's biggest trees are ready to view aga… https://t.co/vbXfWJgqHH",29,@CNN
0.0,Sun Jun 24 05:01:02 +0000 2018,0.0,1.0,0.0,The introduction of HPV vaccines in England led to an 86% reduction in rates of the cancer-causing infection https://t.co/dMio3f1gf5,30,@CNN
-0.1027,Sat Jun 23 23:00:14 +0000 2018,0.069,0.931,0.0,A Japanese employee has been docked half a day's pay for repeatedly leaving his desk a few minutes early to eat lun… https://t.co/Gh9jLimaBj,31,@CNN
0.0,Sat Jun 23 17:58:03 +0000 2018,0.0,1.0,0.0,"First, it was a small bump under her left eye. Five days later, it appeared above the eye. Her upper lip was bulgin… https://t.co/rUpZy6ibeA",32,@CNN
0.7184,Sat Jun 23 14:00:09 +0000 2018,0.0,0.731,0.269,"""Quit trying to make us feel teary-eyed for the children. Yes, I love children a great deal, but to me, it's up to… https://t.co/kvqDAANTDp",33,@CNN
0.0,Sat Jun 23 09:01:07 +0000 2018,0.0,1.0,0.0,"Otzi, a 5,300-year-old glacier mummy found in the Italian Alps, is older than the Giza pyramids and Stonehenge. The… https://t.co/FF1jPktnLW",34,@CNN
0.0,Sat Jun 23 04:15:07 +0000 2018,0.0,1.0,0.0,Every single person in charge of law and order in this Georgia town is a black woman https://t.co/tgvlvnBqfF https://t.co/tNrX1j9lEE,35,@CNN
-0.4404,Sat Jun 23 00:53:04 +0000 2018,0.184,0.711,0.105,"""It's like they're putting a knife in your chest and killing you.""

A Guatemalan immigrant reunited with her son ea… https://t.co/gtA28XntCX",36,@CNN
0.128,Fri Jun 22 21:31:17 +0000 2018,0.096,0.786,0.118,NASA has a new plan to stop asteroids and help scientists detect near-Earth objects they haven't been able to find… https://t.co/ZN71CjGOKi,37,@CNN
0.0,Fri Jun 22 17:43:05 +0000 2018,0.0,1.0,0.0,Here's how Chipotle is making a comeback https://t.co/G8ELWNTsA7 https://t.co/Fa61nNvtCJ,38,@CNN
0.0,Fri Jun 22 14:20:06 +0000 2018,0.0,1.0,0.0,"First, it was a small bump under her left eye. Five days later, it appeared above the eye. Her upper lip was bulgin… https://t.co/pquLaOMzDU",39,@CNN
-0.5106,Fri Jun 22 10:41:57 +0000 2018,0.171,0.829,0.0,More than 30 children became sick at a Florida summer camp about 100 miles southeast of Tampa https://t.co/DZSEhtf6Y2,40,@CNN
-0.9042,Fri Jun 22 06:39:05 +0000 2018,0.449,0.551,0.0,"""These tragic deaths are a reminder that wars and poverty continue to drive people to take desperate journeys that… https://t.co/SnsJMlhTk3",41,@CNN
0.0,Fri Jun 22 02:21:14 +0000 2018,0.0,1.0,0.0,"RT @CNNTonight: The family separation controversy is a “crisis entirely of the President’s own making,” says @DonLemon. It is a “policy tha…",42,@CNN
-0.296,Fri Jun 22 00:51:18 +0000 2018,0.099,0.901,0.0,“We did not have that policy or practice. ... It’s not something I would have permitted.” There was no formal polic… https://t.co/WzU1BJmHcb,43,@CNN
-0.4449,Thu Jun 21 23:31:09 +0000 2018,0.157,0.843,0.0,"""I'm not sure what can be done but it's not fair separating the parents from the children.""

What new US citizens t… https://t.co/N2AnhpX4SW",44,@CNN
0.0,Thu Jun 21 21:28:37 +0000 2018,0.0,1.0,0.0,RT @CNNSitRoom: The head of the National Border Patrol Council tells @wolfblitzer that the “vast majority” of immigrants trying to cross th…,45,@CNN
-0.5943,Thu Jun 21 18:45:06 +0000 2018,0.246,0.657,0.097,"""It's not fair for a mother... It's like they're putting a knife in your chest and killing you"": This Guatemalan mo… https://t.co/EKC2CrOYnT",46,@CNN
-0.128,Thu Jun 21 15:30:00 +0000 2018,0.116,0.788,0.095,"Here's how stress tests measure a bank's ability to react to an economic downturn, and why more banks are now passi… https://t.co/ZW4uAeXkaQ",47,@CNN
0.0,Thu Jun 21 12:45:13 +0000 2018,0.0,1.0,0.0,"There are 239 children in one New York City shelter because of Trump's ""zero-tolerance"" policy, mayor says https://t.co/paXUYk1W6d",48,@CNN
0.0,Thu Jun 21 09:16:26 +0000 2018,0.0,1.0,0.0,Gatorade is going sugarless for the first time in its 53-year-history https://t.co/u6elc4kKDI https://t.co/7Madt2Yu7T,49,@CNN
0.3612,Thu Jun 21 04:46:00 +0000 2018,0.0,0.889,0.111,"After three years of restoration at Yosemite National Park, some of the world's biggest trees are ready to view aga… https://t.co/5kKDJnQCqy",50,@CNN
-0.3612,Thu Jun 21 02:01:00 +0000 2018,0.135,0.865,0.0,"President Trump apparently criticized Sen. John McCain's vote against repealing Obamacare, without naming him, at a… https://t.co/sfbCheJK0D",51,@CNN
0.0,Thu Jun 21 00:11:04 +0000 2018,0.0,1.0,0.0,Canada becomes second nation in the world to legalize marijuana https://t.co/SxBcnP0CGR https://t.co/I768rhRKTo,52,@CNN
-0.4767,Wed Jun 20 22:23:11 +0000 2018,0.17,0.83,0.0,"Iran may have suffered defeat in their second #WorldCup game at Russia 2018, but the occasion could yet prove to be… https://t.co/tNmS4pJCgd",53,@CNN
-0.0258,Wed Jun 20 20:14:23 +0000 2018,0.124,0.756,0.12,"Support for Democratic House candidates has ticked up slightly to 50%, according to a CNN poll conducted by SSRS https://t.co/Us3qsiytyB",54,@CNN
0.0,Wed Jun 20 18:09:56 +0000 2018,0.0,1.0,0.0,"The future is here. This week, teamLab opens its 107,000 square-foot digital-only museum in Tokyo | via @CNNStyle… https://t.co/OvF89Gqkvg",55,@CNN
-0.296,Wed Jun 20 14:50:07 +0000 2018,0.099,0.901,0.0,"""These people that we have coming across the border illegally are breaking the rules. I have no feelings for them a… https://t.co/MXFFEWYvLM",56,@CNN
0.0,Wed Jun 20 12:30:00 +0000 2018,0.0,1.0,0.0,"""Womp womp."" 

While appearing on Fox News, former Trump campaign manager Corey Lewandowski appeared to dismiss the… https://t.co/BKb39lG5Ry",57,@CNN
-0.4019,Wed Jun 20 09:08:03 +0000 2018,0.236,0.764,0.0,Philadelphia immigration protesters line up empty children's shoes near Mike Pence's hotel https://t.co/AcAqVdpogo https://t.co/fvK3I76r2c,58,@CNN
-0.1027,Wed Jun 20 05:01:06 +0000 2018,0.085,0.915,0.0,"Muslims and other religious minorities in New York have experienced widespread bias, discrimination and harassment,… https://t.co/vaDbEZEj1j",59,@CNN
0.0,Wed Jun 20 02:26:34 +0000 2018,0.0,1.0,0.0,"""Womp womp."" While appearing on Fox News, former Trump campaign manager Corey Lewandowski dismissed the story of a… https://t.co/CzPex598xB",60,@CNN
-0.5719,Wed Jun 20 01:12:19 +0000 2018,0.139,0.861,0.0,"RT @AC360: “My first reaction was of horror. I just wanted to burst into tears… I then started to get mad,” says civil rights attorney Jenn…",61,@CNN
0.4019,Tue Jun 19 23:53:57 +0000 2018,0.0,0.891,0.109,"RT @CNNSitRoom: Phil Mudd on Tom Homan's exchange with @WolfBlitzer: He's got 2 options: 1, say yes it's humane and take every mirror down…",62,@CNN
-0.4939,Tue Jun 19 22:12:05 +0000 2018,0.181,0.819,0.0,"The US' move to leave the UN Human Rights Council, which the Trump administration has threatened for months, came d… https://t.co/Q7k9F40jJI",63,@CNN
-0.0258,Tue Jun 19 20:49:18 +0000 2018,0.111,0.737,0.152,President Trump's top allies in the media have struggled this week to formulate a coherent defense of his administr… https://t.co/RYenEAxGqp,64,@CNN
0.0,Tue Jun 19 19:30:10 +0000 2018,0.0,1.0,0.0,"Kevin Costner saddles up for TV in the modern-day western ""Yellowstone"" https://t.co/A2bNOgsteI https://t.co/SZhioT0i8G",65,@CNN
-0.4404,Tue Jun 19 16:30:03 +0000 2018,0.139,0.861,0.0,Donald Trump Jr. has withdrawn from a fundraiser for George P. Bush because of criticism for President Trump stemmi… https://t.co/koX5u7yXie,66,@CNN
0.0,Tue Jun 19 12:58:31 +0000 2018,0.0,1.0,0.0,"RT @NewDay: Antar Davidson says he quit his job at a migrant youth shelter because ""the direction the organization was taking was ... very…",67,@CNN
0.0,Tue Jun 19 08:51:57 +0000 2018,0.0,1.0,0.0,Why Trump is digging in on separating families at the border | Analysis by @StCollinson https://t.co/1H8GzF33RG https://t.co/POD9kxi1pm,68,@CNN
0.7845,Tue Jun 19 04:01:10 +0000 2018,0.0,0.669,0.331,"""Black Panther"" star Chadwick Boseman was accepting an MTV award for playing a superhero when he invited James Shaw… https://t.co/LFSkt1t2Jh",69,@CNN
0.0,Tue Jun 19 02:11:05 +0000 2018,0.0,1.0,0.0,"RT @AC360: CNN’s @Bakari_Sellers: “This is not who America is… but this is exactly who Donald Trump is… he talks about people being aliens,…",70,@CNN
-0.4019,Tue Jun 19 00:21:04 +0000 2018,0.119,0.881,0.0,Qatar is pushing back against requests for documents that a Trump ally says would show the Gulf nation hacked his p… https://t.co/lCp9PWPwkO,71,@CNN
-0.3612,Mon Jun 18 22:01:00 +0000 2018,0.135,0.865,0.0,"All five living first ladies — three Democrats and two Republicans — have criticized the White House's ""zero-tolera… https://t.co/vEhGST1gzQ",72,@CNN
-0.4257,Mon Jun 18 19:51:08 +0000 2018,0.214,0.786,0.0,Senate Republicans did not want another immigration fight. Now they might not have a choice. https://t.co/gMLWkTESi8 https://t.co/QV6obh6vKM,73,@CNN
0.0,Mon Jun 18 17:00:02 +0000 2018,0.0,1.0,0.0,Garry Hartman runs one of the few chassis manufacturers left in the US. But stiff competition from China is making… https://t.co/tkvNDXEDGt,74,@CNN
-0.6597,Mon Jun 18 13:40:05 +0000 2018,0.18,0.82,0.0,"The onset of diabetes after the age of 50 could be an early sign of pancreatic cancer, a new study suggests… https://t.co/BsaM5WTmXq",75,@CNN
-0.7717,Mon Jun 18 10:03:13 +0000 2018,0.251,0.749,0.0,"RT @cnni: Audi CEO Rupert Stadler has been arrested in Germany as part of an investigation into emissions cheating, according to prosecutor…",76,@CNN
0.0,Mon Jun 18 06:12:04 +0000 2018,0.0,1.0,0.0,The introduction of HPV vaccines in England led to an 86% reduction in rates of the cancer-causing infection https://t.co/hIZQy1R0Nv,77,@CNN
-0.128,Sun Jun 17 22:45:07 +0000 2018,0.13,0.87,0.0,Brazil held by Switzerland despite Philippe Coutinho wonder strike https://t.co/jRn0M9Tr4w https://t.co/kRLwwCeJpn,78,@CNN
0.0,Sun Jun 17 18:00:17 +0000 2018,0.0,1.0,0.0,Singer John Legend calls out House Speaker Paul Ryan for Father's Day tweet as immigrant families are being separat… https://t.co/YXJKO86JX4,79,@CNN
-0.5859,Sun Jun 17 12:53:34 +0000 2018,0.278,0.595,0.127,"BREAKING: At least 1 dead and 20 people injured after a shooting at a New Jersey art festival, authorities say… https://t.co/w1fj6oteuN",80,@CNN
0.2023,Sun Jun 17 05:01:00 +0000 2018,0.0,0.899,0.101,This raccoon’s harrowing journey to the top of a building made it an instant internet star https://t.co/c2YJcEZjEY https://t.co/e1iHJe7hcF,81,@CNN
0.0,Sat Jun 16 21:53:00 +0000 2018,0.0,1.0,0.0,"Sef Scott, a student with autism, is usually nonverbal. But he stood before his high school classmates to deliver a… https://t.co/2UiS5sHOVT",82,@CNN
0.2263,Sat Jun 16 18:50:03 +0000 2018,0.0,0.913,0.087,"A US Coast Guard crew seized nearly 12,000 pounds of cocaine worth around $206 million off the coasts of Mexico, Ce… https://t.co/vA4s6j3adz",83,@CNN
0.2263,Sat Jun 16 15:47:21 +0000 2018,0.0,0.905,0.095,Trump attorney Rudy Giuliani clarifies comments about Joe Biden in which he called the former Democratic vice presi… https://t.co/fpwVJkCVMC,84,@CNN
-0.0281,Sat Jun 16 09:01:08 +0000 2018,0.129,0.664,0.207,"This accomplished clarinet player was accepted to his dream school, but never received the good news because his th… https://t.co/fIiI9SLbSK",85,@CNN
0.0,Sat Jun 16 03:31:05 +0000 2018,0.0,1.0,0.0,How Frida Kahlo's fashions brought Mexican politics to the world stage https://t.co/bMIjGcvTgp https://t.co/pfwuix6V0u,86,@CNN
0.0,Sat Jun 16 00:51:04 +0000 2018,0.0,1.0,0.0,A Monumental Week in Trumpworld | Analysis by @CillizzaCNN https://t.co/iwDXJqBYeX https://t.co/gf8CCvmEcB,87,@CNN
0.0,Fri Jun 15 22:31:09 +0000 2018,0.0,1.0,0.0,"A child in Venezuela who was reported to have a common symptom of polio does not have the viral disease, World Heal… https://t.co/cQG0Nu9Xx5",88,@CNN
0.0572,Fri Jun 15 20:51:06 +0000 2018,0.089,0.805,0.106,These are the videos you don't want to miss this week https://t.co/NSk6xVlqdC https://t.co/znLxBEHdzQ,89,@CNN
0.0,Fri Jun 15 19:21:07 +0000 2018,0.0,1.0,0.0,The 49 wildest quotes from President Trump's bananas interview with Fox News https://t.co/Z8UBg9G7jB https://t.co/Z8uZ17Jt9m,90,@CNN
0.0,Fri Jun 15 17:29:28 +0000 2018,0.0,1.0,0.0,Ellen DeGeneres is heading out on tour — sort of https://t.co/sn6XqsIOdx https://t.co/jL2TJLIxP6,91,@CNN
0.5423,Fri Jun 15 15:23:03 +0000 2018,0.0,0.809,0.191,"President Trump jokes he wants ""my people"" to ""sit up at attention"" like North Koreans do for Kim Jong Un… https://t.co/FrrqcDi9nK",92,@CNN
-0.1027,Fri Jun 15 13:15:04 +0000 2018,0.149,0.851,0.0,Iceland's hard World Cup work pays off https://t.co/qkop89Crpd https://t.co/6O4t0oPdu6,93,@CNN
0.4215,Fri Jun 15 08:00:06 +0000 2018,0.0,0.859,0.141,"The US and Russia are ""exploring an opportunity"" for a possible meeting between President Trump and Russian Preside… https://t.co/vOuk8s1uST",94,@CNN
-0.1531,Fri Jun 15 03:26:06 +0000 2018,0.078,0.922,0.0,"A salmonella outbreak that affected 73 people in 31 states has been linked to Kellogg's Honey Smacks cereal, the CD… https://t.co/aSBpu8gqkq",95,@CNN
0.0,Fri Jun 15 01:45:54 +0000 2018,0.0,1.0,0.0,RT @CuomoPrimeTime: Sheriff Joe Arpaio on Trump's border policy: “I understand separating the kids from their families. What about the thou…,96,@CNN
0.5267,Thu Jun 14 23:41:28 +0000 2018,0.0,0.848,0.152,RT @OutFrontCNN: The Justice Department's internal watchdog found that former FBI Director James Comey's actions in the Hillary Clinton ema…,97,@CNN
0.5106,Thu Jun 14 22:26:00 +0000 2018,0.0,0.837,0.163,It's #FlagDay. Here are some fun facts about the American flag you may not have known. https://t.co/zqJv4O2BmL https://t.co/iUgsmPL4J2,98,@CNN
0.1027,Thu Jun 14 21:19:04 +0000 2018,0.0,0.928,0.072,"Seth Rogen and Evan Goldberg, who directed the 2014 movie ""The Interview,"" have admitted that they experienced a se… https://t.co/USjtlASVyi",99,@CNN
-0.5423,Thu Jun 14 19:53:03 +0000 2018,0.163,0.837,0.0,What President Trump said about the media is bad. What Republican Rep. Mo Brooks said is even worse.… https://t.co/F4l46nRljH,100,@CNN
0.0,Thu Jun 28 19:06:30 +0000 2018,0.0,1.0,0.0,"RT @CBSSunday: SUNDAY PROFILE: CYNTHIA NIXON

You remember her from ""Sex and the City""

Now, @CynthiaNixon is running for Governor of New Y…",1,@CBSNews
-0.5994,Thu Jun 28 15:49:40 +0000 2018,0.157,0.843,0.0,The body of a 43-year-old man was found Wednesday morning in South Carolina after he was gored to death by two bull… https://t.co/YezuoSZMMN,2,@CBSNews
-0.2263,Thu Jun 28 12:00:26 +0000 2018,0.091,0.909,0.0,WATCH: Protesters calling for an end to ICE attempted to burn an American flag -- until fellow demonstrators stompe… https://t.co/OKu6OKskUz,3,@CBSNews
-0.4215,Thu Jun 28 09:33:03 +0000 2018,0.203,0.797,0.0,8 reasons why Trump's tariffs may push the U.S. into a recession https://t.co/Cz8XbFZgwO https://t.co/3r5TeTD10s,4,@CBSNews
-0.4939,Thu Jun 28 04:33:03 +0000 2018,0.186,0.814,0.0,"Florida wildfire that destroyed 36 homes was sparked by controlled burn, authorities say https://t.co/BETpLRZ94w https://t.co/uNte6BHIYv",5,@CBSNews
-0.5574,Wed Jun 27 23:19:32 +0000 2018,0.153,0.847,0.0,"FIRST LOOK: See Kristen Wiig as the villain Barbara Minerva, also known as Cheetah, in a scene from ""Wonder Woman 1… https://t.co/9ZKzGeNFlh",6,@CBSNews
0.7906,Wed Jun 27 21:00:01 +0000 2018,0.0,0.731,0.269,Justice Kennedy's most pivotal swing votes and what his retirement means for the future of the Supreme Court on a s… https://t.co/uiSvfY3Q4E,7,@CBSNews
0.91,Wed Jun 27 18:08:30 +0000 2018,0.0,0.528,0.472,"JUST IN: Supreme Court Justice Anthony Kennedy announces he is retiring, effective July 31, giving President Trump… https://t.co/TM4ilY1aei",8,@CBSNews
-0.3818,Wed Jun 27 13:29:47 +0000 2018,0.191,0.809,0.0,"Alexandria Ocasio-Cortez describes ""astonishing"" primary upset against Rep. Joe Crowley https://t.co/LHX8M8DGvM https://t.co/ynUloMYorM",9,@CBSNews
-0.4767,Wed Jun 27 11:06:58 +0000 2018,0.256,0.628,0.117,"A stunning upset rocked the midterm elections Tuesday. Rep. Joe Crowley was defeated by Alexandria Ocasio-Cortez, a… https://t.co/X4m2lc33J7",10,@CBSNews
0.0,Wed Jun 27 06:48:03 +0000 2018,0.0,1.0,0.0,"Sheriff: New Zealand man invades Virginia home of girl he met online, is shot by her mother https://t.co/tReAzar3Hc https://t.co/M2bk6oMTc8",11,@CBSNews
0.743,Wed Jun 27 02:42:38 +0000 2018,0.0,0.674,0.326,"Before first-time candidate Alexandria Ocasio-Cortez won the New York Democratic primary in a stunning upset,… https://t.co/uavMk2yexI",12,@CBSNews
-0.765,Tue Jun 26 22:46:40 +0000 2018,0.336,0.664,0.0,"Fire crews in northern California are struggling to contain the massive Pawnee Fire. 

Mark Strassmann reports from… https://t.co/WEfiEMcAWT",13,@CBSNews
-0.6249,Tue Jun 26 18:35:31 +0000 2018,0.221,0.779,0.0,"WATCH: A Kangaroo interrupted a soccer game in Australia and when he got tired of being goalie, he decided to loung… https://t.co/P43waOVnS9",14,@CBSNews
0.0,Tue Jun 26 14:21:15 +0000 2018,0.132,0.735,0.132,JUST IN: The Supreme Court has sided with President Trump on his travel ban on immigrants entering the U.S. from so… https://t.co/7tSXKCjz1P,15,@CBSNews
-0.3818,Tue Jun 26 11:40:14 +0000 2018,0.133,0.867,0.0,The fight between the two Republicans is the most closely watched race in New York's congressional primaries:… https://t.co/gzdBpOCT9I,16,@CBSNews
-0.7783,Tue Jun 26 08:18:06 +0000 2018,0.362,0.638,0.0,"Factory workers lose jobs as steel tariffs put business in ""crisis mode"" https://t.co/6YY8SVhIqD https://t.co/Hktfw3ojeF",17,@CBSNews
-0.6705,Tue Jun 26 03:18:03 +0000 2018,0.273,0.727,0.0,Scientist killed while camping with daughters at Malibu Creek State Park https://t.co/071YQC4yAX https://t.co/Wzd1UGERXP,18,@CBSNews
-0.3818,Mon Jun 25 22:52:36 +0000 2018,0.133,0.867,0.0,California Gov. Jerry Brown today declared state of emergency in northern California because of a wildfire that has… https://t.co/vq4jp6sHrB,19,@CBSNews
-0.1531,Mon Jun 25 19:44:38 +0000 2018,0.221,0.583,0.196,"In a procession on Monday that was equal parts funeral and demonstration, mourners carried signs honoring Antwon Ro… https://t.co/YhEi47U6We",20,@CBSNews
-0.5106,Mon Jun 25 14:59:58 +0000 2018,0.191,0.809,0.0,"Outcry after woman dubbed ""Permit Patty"" calls police on a black child selling water https://t.co/hUhkQiJB0Q https://t.co/G9Ryc1YqbZ",21,@CBSNews
0.8122,Mon Jun 25 11:59:52 +0000 2018,0.0,0.641,0.359,"""Kindness, compassion, and positivity are very important traits in life,"" Melania Trump tells students at SADD conf… https://t.co/hmOL85StjV",22,@CBSNews
-0.5423,Mon Jun 25 09:48:04 +0000 2018,0.241,0.759,0.0,Authorities investigating fatal police shooting of black man in Minneapolis https://t.co/n4aOqDaHl7 https://t.co/Yk37SBnIVh,23,@CBSNews
-0.2755,Mon Jun 25 04:59:28 +0000 2018,0.095,0.905,0.0,Explorers have walked to the South Pole before. But they've never done it like this. Stream the new CBSN Originals… https://t.co/cLRvKAj5AX,24,@CBSNews
0.6486,Sun Jun 24 23:59:37 +0000 2018,0.0,0.791,0.209,"This father-and-son team set out on a trek to the South Pole to prove that renewable energy can save the planet. ""E… https://t.co/EYzJPU8xCY",25,@CBSNews
-0.5106,Sun Jun 24 17:39:38 +0000 2018,0.136,0.864,0.0,"""It was that close to passing, so let's focus on that"": Rep. Jim Jordan said that a failure to ""whip"" Republican la… https://t.co/Wg5VKKS5OI",26,@CBSNews
0.0,Sun Jun 24 11:03:03 +0000 2018,0.0,1.0,0.0,"This ""Hot Dog Water"" sells for $37.99 a bottle https://t.co/LCRAB8Q54L https://t.co/5aFv5yf5XI",27,@CBSNews
-0.6249,Sun Jun 24 06:03:05 +0000 2018,0.267,0.733,0.0,Jogger says she was detained for 2 weeks after accidentally crossing U.S. border from Canada https://t.co/ZNZJptwj5t https://t.co/hMReobd5Ab,28,@CBSNews
-0.4588,Sun Jun 24 01:03:04 +0000 2018,0.25,0.75,0.0,Pennsylvania teen survives being sucked into storm drain https://t.co/V0N41AHo6m https://t.co/PilF1LcBcR,29,@CBSNews
0.1027,Sat Jun 23 20:40:52 +0000 2018,0.0,0.92,0.08,"""They wanted me to apologize—no . I did though. I did apologize to Pocahontas."" President Trump addresses a crowd o… https://t.co/UCP0i0pIpe",30,@CBSNews
0.2382,Sat Jun 23 16:50:23 +0000 2018,0.143,0.716,0.141,"BARREL ROLL: It's unclear whether any of the bourbon 
spilled as a result of the collapse, but it was definitely 
""… https://t.co/g2tT5QWEwq",31,@CBSNews
-0.5423,Sat Jun 23 11:33:04 +0000 2018,0.226,0.774,0.0,"Police: Man kills ex-wife's lawyer, self hours after divorce is final https://t.co/i2TJxfTCyt https://t.co/xIDI0R3LoV",32,@CBSNews
-0.1027,Sat Jun 23 06:33:03 +0000 2018,0.123,0.877,0.0,Hard Rock casino's 30-foot guitar sign includes giant typo https://t.co/GVB46npDNU https://t.co/nTMMmXYKg3,33,@CBSNews
-0.0516,Sat Jun 23 00:59:49 +0000 2018,0.129,0.75,0.121,"""We have a broken immigration system, both of these bills are better than the system that we have now"": Republicans… https://t.co/qcxp1cmFD6",34,@CBSNews
0.0,Fri Jun 22 19:30:00 +0000 2018,0.0,1.0,0.0,"Today is ""Take Your Dog To Work Day."" But if you worked at these 10 companies, every day would be.… https://t.co/Fx46Df4tYa",35,@CBSNews
0.0516,Fri Jun 22 14:44:17 +0000 2018,0.142,0.708,0.15,NEW: Supreme Court rules police need search warrants in order to take location data from a criminal suspect's cellp… https://t.co/UcPLNxvMKL,36,@CBSNews
-0.3384,Fri Jun 22 11:40:38 +0000 2018,0.084,0.916,0.0,"RT @CBSThisMorning: ""I asked her how long she'd been traveling, and she gave me this very weary look, and she said she'd been on the road w…",37,@CBSNews
-0.25,Fri Jun 22 09:33:03 +0000 2018,0.154,0.846,0.0,Timeline for reuniting separated families remains unclear as questions mount https://t.co/JdHQMxdCwb https://t.co/jDSFY6a0YO,38,@CBSNews
-0.2732,Fri Jun 22 04:33:04 +0000 2018,0.116,0.884,0.0,"Johnny Depp: ""I was as low as I believe I could have gotten"" after money and marital problems… https://t.co/vsvYPESKvy",39,@CBSNews
-0.4019,Thu Jun 21 22:54:47 +0000 2018,0.114,0.886,0.0,Problems continue to mount for Purdue Pharma. The maker of Oxycontin laid off its entire sales team this week and 2… https://t.co/Cy7F0ibI6l,40,@CBSNews
0.5719,Thu Jun 21 18:45:02 +0000 2018,0.0,0.812,0.188,"RT @CBSSunday: It's not #SummerSolstice for everyone

Australian Antarctic expeditioners celebrated the winter solstice with a plunge into…",41,@CBSNews
0.0,Thu Jun 21 16:41:22 +0000 2018,0.0,1.0,0.0,"""They refer to these as shelters, but it is really a home for the children. This is their house. So their bedrooms… https://t.co/zxa1k58p9c",42,@CBSNews
0.3612,Thu Jun 21 13:59:39 +0000 2018,0.0,0.828,0.172,Burger King pulls Russia World Cup ad promoting sex with players https://t.co/t0mZxI8WLN https://t.co/pkctE8cMQV,43,@CBSNews
0.0,Thu Jun 21 11:21:22 +0000 2018,0.0,1.0,0.0,A teenager who escaped the California home where she and her 12 siblings were allegedly held captive by their paren… https://t.co/dtJz6XuBcC,44,@CBSNews
-0.3612,Thu Jun 21 07:48:04 +0000 2018,0.308,0.533,0.16,Man awarded $18.4 million in lawsuit over failed HIV test https://t.co/SyIMVEwfEZ https://t.co/yLPaOwLTvh,45,@CBSNews
-0.8126,Thu Jun 21 03:03:03 +0000 2018,0.316,0.684,0.0,"""Little Jacob"" case: Tip leads to ID of boy found dead on Galveston beach; two arrested https://t.co/SLkd8jrzpQ https://t.co/0Pu1pEAjge",46,@CBSNews
0.2732,Wed Jun 20 22:24:31 +0000 2018,0.0,0.909,0.091,"""We have heard people in high position in the American government blaspheme in the name of God and country that it… https://t.co/wFBkdWeNOx",47,@CBSNews
0.0,Wed Jun 20 18:08:34 +0000 2018,0.0,1.0,0.0,"BREAKING: American Airlines has ""requested the federal government to immediately refrain from using American for th… https://t.co/hN42wuABgR",48,@CBSNews
0.0,Wed Jun 20 15:40:14 +0000 2018,0.0,1.0,0.0,NEW: DHS Secretary Kristjen Nielsen is drafting an executive action for President Trump to sign that will keep fami… https://t.co/BU74IO4ycW,49,@CBSNews
0.0,Wed Jun 20 12:05:39 +0000 2018,0.0,1.0,0.0,The Associated Press reports that babies and other young children separated from their parents are now being held a… https://t.co/vySmBtkFOs,50,@CBSNews
0.0,Wed Jun 20 09:48:03 +0000 2018,0.0,1.0,0.0,FBI agent Peter Strzok escorted from agency amid disciplinary proceedings https://t.co/HLPp7MhIKj https://t.co/vfqTtJ8YTo,51,@CBSNews
0.0,Wed Jun 20 04:48:03 +0000 2018,0.0,1.0,0.0,"Armed civilian who took down Walmart shooter is pastor, medic https://t.co/NJD53btTFZ https://t.co/v5HRQILBeP",52,@CBSNews
-0.1531,Tue Jun 19 22:51:35 +0000 2018,0.086,0.914,0.0,Our CBS News Investigative team went undercover to expose the cozy relationship between lobbyists and several state… https://t.co/ynvn8US2lQ,53,@CBSNews
0.0,Tue Jun 19 18:30:43 +0000 2018,0.0,1.0,0.0,"Reporter: Can you talk about your personal observations of seeing photographs, hearing audio of the children at the… https://t.co/6mZjc9BDAc",54,@CBSNews
0.296,Tue Jun 19 16:43:09 +0000 2018,0.0,0.879,0.121,"WATCH NOW: President Trump speaks at a business luncheon amid escalating controversy over his ""zero tolerance"" immi… https://t.co/g072IbkrRJ",55,@CBSNews
0.4019,Tue Jun 19 13:30:44 +0000 2018,0.0,0.881,0.119,Ford Motor Company is stepping up its efforts to help Detroit compete with Silicon Valley. Take a look inside the d… https://t.co/jfxVkMd7zd,56,@CBSNews
-0.5574,Tue Jun 19 11:31:17 +0000 2018,0.175,0.825,0.0,.@GayleKing speaks with a man in Texas about the recent crackdown on illegal immigration along the U.S.-Mexico bord… https://t.co/4X7x408QeO,57,@CBSNews
0.4939,Tue Jun 19 09:33:03 +0000 2018,0.0,0.789,0.211,Study: Almost half of diabetics skip medical care due to costs https://t.co/S3ScuXBRn1 https://t.co/WgNCRz4WwP,58,@CBSNews
0.0,Tue Jun 19 04:33:03 +0000 2018,0.0,1.0,0.0,Report: 2 Akron firefighters allegedly made pornographic videos in firehouse https://t.co/ptXC7n7CoE https://t.co/GYbFr7f7ox,59,@CBSNews
-0.6249,Mon Jun 18 23:01:49 +0000 2018,0.177,0.823,0.0,Many of the immigrants traveling to our southern border are fleeing violence in their home countries in Central Ame… https://t.co/KTy9QAp8Ps,60,@CBSNews
-0.6249,Mon Jun 18 20:44:31 +0000 2018,0.231,0.769,0.0,"President Trump pins blame on Democrats for country's immigration problems, says ""the U.S. will not be a migrant ca… https://t.co/5wKNdA51Aw",61,@CBSNews
0.0772,Mon Jun 18 17:12:48 +0000 2018,0.118,0.749,0.134,"President Trump to Nat'l Space Council: ""In every way there's no place like space"" https://t.co/z2rZIMJc4F https://t.co/djokMq8bLY",62,@CBSNews
0.7906,Mon Jun 18 14:43:38 +0000 2018,0.0,0.667,0.333,"Homeland Security Secretary Kirstjen Niesel: ""Sheriffs see first hand that border security at the heart is an issue… https://t.co/BTgl6TwANM",63,@CBSNews
0.2263,Mon Jun 18 12:24:14 +0000 2018,0.059,0.844,0.097,"American Airlines warns that fares are likely to increase, to offset a nearly 26% jump in its fuel bill for the fir… https://t.co/u6TkA7uNNY",64,@CBSNews
0.0,Mon Jun 18 11:08:06 +0000 2018,0.0,1.0,0.0,.@DavidBegnaud was part of a select group of reporters who was allowed to go inside the facility. “We saw people in… https://t.co/pI39HGdHkn,65,@CBSNews
0.0,Mon Jun 18 07:18:04 +0000 2018,0.0,1.0,0.0,Rudy Giuliani lays out conditions for Trump interview with Mueller https://t.co/oFXcpNyisG https://t.co/CusoKOUHb5,66,@CBSNews
-0.7964,Mon Jun 18 02:39:53 +0000 2018,0.415,0.585,0.0,"Woman fatally stabbed by ex-boyfriend at Belmont racetrack, police say https://t.co/cPjInG2BLb https://t.co/C1M2QyK9Uc",67,@CBSNews
-0.8658,Sun Jun 17 22:20:48 +0000 2018,0.469,0.531,0.0,"Border Patrol car chase leaves 5 dead, 9 injured in high-speed crash in Texas. https://t.co/aiLGtLOZuK https://t.co/eNjebiiCjN",68,@CBSNews
0.0,Sun Jun 17 15:44:13 +0000 2018,0.0,1.0,0.0,.@margbrennan: You said July 4th is when you expect to have decision on whether the president will sit for intervie… https://t.co/HEBnXK1dK6,69,@CBSNews
-0.9246,Sun Jun 17 10:48:04 +0000 2018,0.573,0.427,0.0,Ex-doctor charged with murder in recent death of woman attacked in 1988 https://t.co/jXPzK49B4v https://t.co/fFMb5RcHDZ,70,@CBSNews
-0.6705,Sun Jun 17 05:48:05 +0000 2018,0.355,0.645,0.0,Electronics repair store manager charged with stealing customers’ nude photos https://t.co/IJdmZtEnU6 https://t.co/SZPk2Vyzb2,71,@CBSNews
0.34,Sun Jun 17 00:48:03 +0000 2018,0.0,0.806,0.194,Authorities build permanent security belt around the Eiffel Tower https://t.co/2yyc9mcAbj https://t.co/nfXcKALmsu,72,@CBSNews
0.0,Sat Jun 16 18:59:55 +0000 2018,0.0,1.0,0.0,The push toward immigration votes in the House is intensifying the divide among Republicans on one of the party's m… https://t.co/tShxfhQS5P,73,@CBSNews
0.0,Sat Jun 16 12:48:04 +0000 2018,0.0,1.0,0.0,Kellogg's voluntarily recalls Honey Smacks cereal over possible salmonella contamination https://t.co/meX8qNzXfo https://t.co/RGK3wvQt8f,74,@CBSNews
0.0,Sat Jun 16 07:48:04 +0000 2018,0.0,1.0,0.0,"World Cup Friday: Egypt vs. Uruguay, Morocco vs. Iran, Portugal vs. Spain https://t.co/Ttscy3yYQU https://t.co/glAXWek6ZK",75,@CBSNews
-0.2732,Sat Jun 16 02:59:56 +0000 2018,0.11,0.89,0.0,Attorney General Barbara Underwood is suing to dissolve the Trump Foundation for allegedly misusing funds for perso… https://t.co/Jf042EvqPS,76,@CBSNews
-0.3612,Fri Jun 15 21:39:55 +0000 2018,0.133,0.806,0.062,A poll of the American public and its media suggest journalists overestimate distrust of audiences that want more o… https://t.co/RTfyHJ2NvV,77,@CBSNews
-0.3089,Fri Jun 15 16:24:01 +0000 2018,0.148,0.852,0.0,"House won't take on immigration without President Trump's support, after Trump expresses doubts… https://t.co/5lnWBKMHFQ",78,@CBSNews
-0.6369,Fri Jun 15 13:13:27 +0000 2018,0.174,0.826,0.0,"“I call them ‘war games.’ I hated them from the day I came in,"" President Trump says of exercises with South Korea.… https://t.co/K6QtQr8Cbv",79,@CBSNews
0.5267,Fri Jun 15 11:35:56 +0000 2018,0.0,0.833,0.167,"Congressman Steve Scalise made a triumphant return to the ballfield, one year after a shooting that almost took his… https://t.co/ESJBTFYPv6",80,@CBSNews
0.0,Fri Jun 15 08:48:04 +0000 2018,0.0,1.0,0.0,"Pennsylvania hit by two tornadoes, officials confirm https://t.co/wlszBFcp6N https://t.co/4g1bRYhhGk",81,@CBSNews
0.0,Fri Jun 15 03:48:04 +0000 2018,0.0,1.0,0.0,"Sarah Sanders, Raj Shah planning to depart the White House https://t.co/3Ie1iSeWfg https://t.co/8iWz9ePLa4",82,@CBSNews
0.3818,Thu Jun 14 21:59:27 +0000 2018,0.0,0.885,0.115,"""Nothing in this report impugns the integrity of our workforce as a whole or the FBI as an institution"": FBI Direct… https://t.co/SXaRrBA6z7",83,@CBSNews
0.0,Thu Jun 14 19:31:26 +0000 2018,0.0,1.0,0.0,"“Don’t you have any empathy? Come on, Sarah, you’re a parent. Don't you have any empathy for what these people are… https://t.co/s0lS49VstX",84,@CBSNews
-0.5859,Thu Jun 14 15:52:06 +0000 2018,0.194,0.806,0.0,Three fire trucks and two ambulances have arrived on the White House grounds.  D.C. Fire and EMS say there was a me… https://t.co/grexlYjLcP,85,@CBSNews
0.34,Thu Jun 14 12:15:48 +0000 2018,0.0,0.876,0.124,Apple says it is closing a security gap in iPhones that allows access to personal information without a password… https://t.co/tb4v9mqNsn,86,@CBSNews
0.4588,Thu Jun 14 10:45:50 +0000 2018,0.062,0.773,0.165,Ahead on @CBSThisMorning: Country music star @DierksBentley shows @JanCBS what inspired him to leave Nashville for… https://t.co/po8WpWGRCL,87,@CBSNews
0.0,Thu Jun 14 06:03:03 +0000 2018,0.0,1.0,0.0,Dancing FBI agent appears in court in back flip gunfire case https://t.co/Mk9hNfzRpq https://t.co/0cV8gqrk2S,88,@CBSNews
-0.0516,Thu Jun 14 00:01:22 +0000 2018,0.062,0.938,0.0,"BREAKING NEWS: Sarah Sanders and Raj Shah are preparing to leave the White House, sources tell CBS News.… https://t.co/PGHT9gG3oR",89,@CBSNews
-0.4588,Wed Jun 13 17:34:45 +0000 2018,0.143,0.857,0.0,"A U.S. Border Patrol agent who was wounded in a shooting in southern Arizona was attacked by several assailants, on… https://t.co/9zFOmdtEtG",90,@CBSNews
0.0,Wed Jun 13 13:30:02 +0000 2018,0.0,1.0,0.0,Guess co-founder steps down after sex misconduct investigation https://t.co/HUUiJkfyZs https://t.co/OREei8WD44,91,@CBSNews
-0.3182,Wed Jun 13 11:22:16 +0000 2018,0.113,0.887,0.0,A U.S. Border Patrol agent is in critical condition this morning after a shooting on a cattle ranch in southern Ari… https://t.co/IReF0KF9AZ,92,@CBSNews
-0.5423,Wed Jun 13 08:48:04 +0000 2018,0.226,0.774,0.0,"Man kills 4 kids he held hostage and himself, ending standoff: Police https://t.co/iv6TeiuXEQ https://t.co/MqGkd3jPKO",93,@CBSNews
-0.3182,Wed Jun 13 03:48:03 +0000 2018,0.141,0.859,0.0,"Buyer of this authentic ""ghost town"" can own piece of the Wild West https://t.co/6bMFEdlZXG https://t.co/FDjBG0U21K",94,@CBSNews
0.0,Tue Jun 12 21:39:38 +0000 2018,0.0,1.0,0.0,"Is an exploding airbag still in your car? Takata airbags were recalled, but many U.S. drivers haven't had them repl… https://t.co/5VxbparbRX",95,@CBSNews
-0.7003,Tue Jun 12 17:14:45 +0000 2018,0.345,0.655,0.0,Extreme fire danger forces rare shutdown of national forests in West https://t.co/1rlj92zMy3 https://t.co/eu1WHem8QO,96,@CBSNews
0.0,Tue Jun 12 12:33:58 +0000 2018,0.0,1.0,0.0,"""[Kim Jong Un] can come to the White House as long as he gives up his nuclear program, gives up his missile program… https://t.co/FTfwsiRVUo",97,@CBSNews
0.4767,Tue Jun 12 11:08:29 +0000 2018,0.0,0.886,0.114,President Trump says he now trusts Kim Jong Un and knows he wants to make a deal. Trump also said he is open to tra… https://t.co/Qi6k7zzOuJ,98,@CBSNews
-0.5994,Tue Jun 12 08:48:41 +0000 2018,0.187,0.813,0.0,"President Trump on ending U.S. ""war games"" with South Korea: ""Under the circumstances that we're negotiating a very… https://t.co/WSwOgHntrE",99,@CBSNews
0.0258,Tue Jun 12 06:53:30 +0000 2018,0.0,0.939,0.061,Joint document says North Korea commits to working towards complete denuclearization; White House has yet to offici… https://t.co/ycriovhFwM,100,@CBSNews
0.34,Thu Jun 28 19:09:32 +0000 2018,0.0,0.844,0.156,Kim Jong Un ordered army officer executed after giving soldiers extra food: report https://t.co/QVEQca88K1,1,@Foxnews
0.0,Thu Jun 28 16:43:01 +0000 2018,0.0,1.0,0.0,Texas police catch 8-foot alligator heading toward Walmart in wild video https://t.co/OMgPcmJmV7,2,@Foxnews
0.0,Thu Jun 28 14:05:32 +0000 2018,0.0,1.0,0.0,.@POTUS to meet Putin on July 16 https://t.co/HzCupwZ6zk https://t.co/Pvw6BBGrs0,3,@Foxnews
0.4588,Thu Jun 28 10:59:16 +0000 2018,0.0,0.75,0.25,".@SharkGregNorman: ""When I travel the world...people say, 'Welcome back, America.'"" https://t.co/SSGnKQWgAP",4,@Foxnews
0.34,Thu Jun 28 09:30:01 +0000 2018,0.0,0.882,0.118,CATCH OF A LIFETIME: One young fan’s night was complete after New York @Yankees outfielder Aaron Judge played catch… https://t.co/2K8WsYMweD,5,@Foxnews
0.0,Thu Jun 28 08:04:28 +0000 2018,0.0,1.0,0.0,Potential SCOTUS Nominees https://t.co/7Do7LBbAzT https://t.co/02WC8PtmoJ,6,@Foxnews
0.4215,Thu Jun 28 05:38:00 +0000 2018,0.0,0.851,0.149,An @ORStatePolice sergeant rescued a wounded female eagle over the weekend before transporting it in a police cruis… https://t.co/MATXC0Xt4i,7,@Foxnews
0.0,Thu Jun 28 03:19:43 +0000 2018,0.0,1.0,0.0,Potential SCOTUS Nominees https://t.co/qXP5XDFIEx https://t.co/78TSVQIRkt,8,@Foxnews
0.0,Thu Jun 28 01:14:11 +0000 2018,0.0,1.0,0.0,"President @realDonaldTrump: ""When we're $500 billion down, they say 'Trump is starting a trade war.' I say, 'No, th… https://t.co/8OktZiEHla",9,@Foxnews
0.3612,Wed Jun 27 23:47:28 +0000 2018,0.0,0.872,0.128,".@gen_jackkeane on upcoming @POTUS meeting with Russian President Putin: ""A meeting like this does give [Putin] a s… https://t.co/GTThjAfrpC",10,@Foxnews
-0.3612,Wed Jun 27 21:48:30 +0000 2018,0.135,0.865,0.0,"Maxine Waters, Kathy Griffin, Samantha Bee, others targeted in RNC campaign ad criticizing the 'unhinged left' https://t.co/vnWVPRywel",11,@Foxnews
-0.3875,Wed Jun 27 19:50:04 +0000 2018,0.168,0.832,0.0,North Korea continues construction of nuclear research facility despite agreement to 'denuclearize': report https://t.co/jmGYjmVDpv,12,@Foxnews
0.7269,Wed Jun 27 18:35:39 +0000 2018,0.0,0.747,0.253,".@SenateMajLdr: ""As Justice Kennedy concludes his tenure on the court, we wish him, his wife Mary and their family… https://t.co/opa1tx9wTQ",13,@Foxnews
0.886,Wed Jun 27 16:34:46 +0000 2018,0.0,0.49,0.51,"RT @FoxBusiness: .@POTUS: ""We must honor and respect our great American Flag."" https://t.co/HMkUF7dw7Y",14,@Foxnews
0.0772,Wed Jun 27 15:13:30 +0000 2018,0.0,0.942,0.058,"RT @FoxBusiness: Mark Janus, plaintiff: ""It's up to the worker to decide what they want for themselves not some larger entity."" https://t.c…",15,@Foxnews
0.34,Wed Jun 27 13:24:35 +0000 2018,0.0,0.806,0.194,.@marcorubio: “We have to have security. We’re a sovereign nation.” @foxandfriends https://t.co/uAfB5vc30e,16,@Foxnews
0.0,Wed Jun 27 09:40:56 +0000 2018,0.0,1.0,0.0,Maxine Waters' GOP rival seeks traction over her inflammatory comments https://t.co/3GKgxo4SQK,17,@Foxnews
0.0,Wed Jun 27 07:30:00 +0000 2018,0.0,1.0,0.0,".@LindseyGrahamSC: ""The person in charge of the #Clinton email investigation, Mr. Strzok, and Ms. Page were in the… https://t.co/jkewOLSJ9V",18,@Foxnews
-0.1779,Wed Jun 27 05:08:00 +0000 2018,0.21,0.615,0.174,OPINION: @TomFitton: Maxine Waters should be investigated for encouraging violence against Trump officials https://t.co/JrhylQc95p,19,@Foxnews
-0.5994,Wed Jun 27 02:54:49 +0000 2018,0.347,0.653,0.0,Sec. Elaine Chao tells protesters to 'leave alone' husband Sen. Mitch McConnell when confronted on immigration. https://t.co/quf54ycWr6,20,@Foxnews
0.0,Wed Jun 27 00:35:26 +0000 2018,0.0,1.0,0.0,Body found at home of NY Giants star Janoris Jenkins. https://t.co/3KuUUUQi2U,21,@Foxnews
0.0,Tue Jun 26 22:51:41 +0000 2018,0.0,1.0,0.0,A preview of the GOP Senate primary race in Utah ahead of the polls closing. #SpecialReport https://t.co/OKSHweINSH,22,@Foxnews
0.0,Tue Jun 26 20:12:54 +0000 2018,0.209,0.581,0.209,.@Judgenap reacts to the Supreme Court travel ban ruling https://t.co/YJoYrCncJe #Cavuto https://t.co/z5sqrWWGnv,23,@Foxnews
0.5984,Tue Jun 26 17:51:26 +0000 2018,0.0,0.698,0.302,"RT @FoxBusiness: .@POTUS: ""Tariffs can be a very positive thing."" https://t.co/tMKPay5m7S",24,@Foxnews
0.0516,Tue Jun 26 15:56:41 +0000 2018,0.207,0.575,0.218,".@JudgeNap on SCOTUS Upholding Travel Ban: 'Ringing, Uncompromising' Win for Trump https://t.co/4uchKJLso1",25,@Foxnews
0.0258,Tue Jun 26 14:13:04 +0000 2018,0.287,0.422,0.291,Breaking News: Supreme Court rules for crisis pregnancy centers in free speech dispute https://t.co/yAeVB0c6E2,26,@Foxnews
0.1761,Tue Jun 26 10:23:04 +0000 2018,0.198,0.617,0.185,"OPINION: Ten Years after Heller decision, gun rights continue trend toward more freedom, not more gun control https://t.co/47iLqCM6UT",27,@Foxnews
0.0,Tue Jun 26 08:15:00 +0000 2018,0.0,1.0,0.0,".@ IngrahamAngle: ""Publicly shaming conservatives and targeting them in public— it's become the new tactic of the l… https://t.co/PgZoCMAS1S",28,@Foxnews
-0.6808,Tue Jun 26 05:45:00 +0000 2018,0.28,0.72,0.0,".@POTUS on North Korea: ""There's been no rocket tests, there's been no nuclear tests, there's been no ballistic mis… https://t.co/hYFpLpN6zt",29,@Foxnews
-0.6486,Tue Jun 26 03:20:00 +0000 2018,0.223,0.777,0.0,"Masked men terrorize Texas family, burn child with hot water during home invasion, officials say https://t.co/aOCuTWjQ40",30,@Foxnews
-0.1779,Tue Jun 26 01:35:00 +0000 2018,0.096,0.904,0.0,"On the Senate floor Monday, @SenSchumer rebuked @RepMaxineWaters' comments calling for people to confront members o… https://t.co/9crbROSNBy",31,@Foxnews
0.1154,Mon Jun 25 23:52:19 +0000 2018,0.0,0.929,0.071,".@MoElleithee: ""Mr. President, we are asking you— I'm a Democrat, but I'm an American. I want you to do your job."" https://t.co/5SLqRIrn48",32,@Foxnews
-0.1531,Mon Jun 25 22:10:39 +0000 2018,0.127,0.773,0.1,".@RepMaxineWaters: ""Trump is the one who is creating lies, trying to have people believe that I talked about harmin… https://t.co/SvOemsK9bd",33,@Foxnews
0.0,Mon Jun 25 19:53:34 +0000 2018,0.0,1.0,0.0,.@PressSec Sarah Sanders holds a @WhiteHouse briefing. https://t.co/wG52O89FFH,34,@Foxnews
-0.7351,Mon Jun 25 17:09:22 +0000 2018,0.383,0.617,0.0,"SeaWorld officials 'heartbroken' after girl, 5, fatally struck in parking lot https://t.co/CB61HSUOZx",35,@Foxnews
-0.6486,Mon Jun 25 14:50:12 +0000 2018,0.223,0.777,0.0,"Masked men terrorize Texas family, burn child with hot water during home invasion, officials say https://t.co/aOCuTW2fcs",36,@Foxnews
-0.2263,Mon Jun 25 11:04:57 +0000 2018,0.137,0.863,0.0,China blocks HBO's website after John Oliver's segment on Xi Jinping: report https://t.co/xw4qN47q8H,37,@Foxnews
-0.2263,Mon Jun 25 08:45:00 +0000 2018,0.147,0.853,0.0,"Indonesia finds suspected location of sunken ferry 1,607 feet below surface https://t.co/zYHHkh6VFo",38,@Foxnews
0.5106,Mon Jun 25 07:00:00 +0000 2018,0.0,0.645,0.355,U.S. Army Honors Country Star @cmorganmusic https://t.co/vTZuDVTmJT,39,@Foxnews
0.4215,Mon Jun 25 04:38:01 +0000 2018,0.13,0.6,0.27,Democratic @RepMaxineWaters  on Saturday encouraged her supporters to fight back against the #Trump administration… https://t.co/LwJLUh7HVh,40,@Foxnews
0.3818,Mon Jun 25 02:22:14 +0000 2018,0.0,0.885,0.115,"Professor Mark Perry: ""There's never been any other country that has had this long of a record of economic growth a… https://t.co/TgkIHBTEw8",41,@Foxnews
0.0,Mon Jun 25 00:27:42 +0000 2018,0.0,1.0,0.0,"Northern California wildfire prompts evacuation orders for 3,000 people https://t.co/eXM6HlmPnx https://t.co/IfURBY5OgI",42,@Foxnews
0.0,Sun Jun 24 22:45:56 +0000 2018,0.0,1.0,0.0,Work is underway to complete a Wounded Warrior center in California. Trace Gallagher has the story. #ProudAmerican https://t.co/tA4QqlpqHx,43,@Foxnews
-0.5106,Sun Jun 24 20:00:04 +0000 2018,0.318,0.543,0.14,OPINION: Here's how to solve the immigration crisis  https://t.co/1G6C9nCJ1T,44,@Foxnews
0.3612,Sun Jun 24 18:18:56 +0000 2018,0.0,0.828,0.172,'Sounds Like Donald Trump': Kaltbaum Calls Out Obama's Immigration Views from 2005 https://t.co/wsisiTkgyB,45,@Foxnews
-0.6705,Sun Jun 24 15:41:31 +0000 2018,0.273,0.727,0.0,New video shows woman trying to resist YouTube stunt that killed boyfriend https://t.co/keSpcaNu0T,46,@Foxnews
0.2023,Sun Jun 24 13:14:39 +0000 2018,0.155,0.634,0.211,'Fixer Upper' stars Chip and Joanna Gaines welcome baby No. 5 https://t.co/J3Qef9MBrA,47,@Foxnews
0.0,Sun Jun 24 10:21:57 +0000 2018,0.0,1.0,0.0,.@jasoninthehouse: “The democrats have embraced the principles of the resistance movement. It’s about a scorched ea… https://t.co/OrQz7kcTyf,48,@Foxnews
0.34,Sun Jun 24 08:05:00 +0000 2018,0.0,0.888,0.112,Manuel Padilla: “This administration has been pushing for two main things: the first one is border security and the… https://t.co/HgER9R7AEO,49,@Foxnews
0.7603,Sun Jun 24 06:25:00 +0000 2018,0.134,0.474,0.392,"DARING: A brave deputy was called to rescue a bear trapped inside a vehicle in Carnelian Bay, California. https://t.co/3zsNx5qS3C",50,@Foxnews
-0.3804,Sun Jun 24 04:49:00 +0000 2018,0.126,0.874,0.0,".@RealCandaceO on Trump staffers facing backlash: ""What this tells me is that the left has absolutely lost control.… https://t.co/frq7VU9dS1",51,@Foxnews
0.5178,Sun Jun 24 02:56:00 +0000 2018,0.0,0.709,0.291,SUNDAY: Don't miss former Homeland Security Secretary Jeh Johnson's exclusive interview on @FoxNewsSunday. Check yo… https://t.co/eWktLZGyrh,52,@Foxnews
0.4019,Sun Jun 24 00:46:43 +0000 2018,0.0,0.803,0.197,WWII veteran who was POW awarded Purple Heart at age 94 https://t.co/jV9iQj0Ign,53,@Foxnews
-0.128,Sat Jun 23 22:31:38 +0000 2018,0.097,0.903,0.0,President @realDonaldTrump pushed his tough stance on immigration during a campaign rally in Nevada for… https://t.co/19nOp8LSkY,54,@Foxnews
0.0,Sat Jun 23 21:05:46 +0000 2018,0.0,1.0,0.0,President @realDonaldTrump hosts a roundtable discussion on tax reform in Las Vegas.  https://t.co/bqvrFuBigd,55,@Foxnews
0.0,Sat Jun 23 20:19:18 +0000 2018,0.0,1.0,0.0,RT @EricShawnTV: When will the children finally be reunited with their parents? I anchor @FoxNews starting at 5pm EDT with @ArthelNeville.…,56,@Foxnews
0.0,Sat Jun 23 19:36:18 +0000 2018,0.0,1.0,0.0,Eggo waffle sales are dwindling during ‘Stranger Things’ hiatus https://t.co/MOvQzml5bL,57,@Foxnews
0.8934,Sat Jun 23 17:18:02 +0000 2018,0.0,0.483,0.517,"Moments ago, President @realDonaldTrump wished Supreme Court Justice Clarence Thomas a happy birthday. https://t.co/PgVIshrwwC",58,@Foxnews
-0.7269,Sat Jun 23 15:01:14 +0000 2018,0.353,0.647,0.0,"Katie Arrington, who ousted Rep. Mark Sanford in primary, seriously injured in car crash https://t.co/LF1KRUe30M https://t.co/t29eBcIhlD",59,@Foxnews
0.34,Sat Jun 23 11:26:44 +0000 2018,0.0,0.888,0.112,Manuel Padilla: “This administration has been pushing for two main things: the first one is border security and the… https://t.co/wqjOGcMJcs,60,@Foxnews
0.0,Sat Jun 23 07:53:00 +0000 2018,0.0,1.0,0.0,".@DiamondandSilk: ""This is what we call a dis to the media, to all of these Hollywood elites that say the most sala… https://t.co/kOlw6qqq8w",61,@Foxnews
0.0,Sat Jun 23 04:18:00 +0000 2018,0.0,1.0,0.0,"New York gubernatorial candidate and former ""Sex and the City” star @CynthiaNixon said she considers @ICEgov “a ter… https://t.co/FqtlrLpr7z",62,@Foxnews
0.0,Sat Jun 23 00:58:40 +0000 2018,0.0,1.0,0.0,"National Border Patrol Council President Brandon Judd: ""We're enforcing the law in a very humane way...and we're do… https://t.co/FYkc7sXcDo",63,@Foxnews
0.4019,Fri Jun 22 22:28:20 +0000 2018,0.0,0.847,0.153,WWII veteran who was a POW has been awarded the Purple Heart at age 94. #ProudAmerican https://t.co/usFNDOjfKD,64,@Foxnews
0.0,Fri Jun 22 20:06:44 +0000 2018,0.0,1.0,0.0,There are new European Union tariffs against U.S. products. @hillary__vaughn has the details. @ShepNewsTeam… https://t.co/R0N07w6660,65,@Foxnews
0.0,Fri Jun 22 18:40:39 +0000 2018,0.0,1.0,0.0,Happening Now: @POTUS speaks on immigration. https://t.co/EHS6R5HLjC,66,@Foxnews
0.3612,Fri Jun 22 16:24:59 +0000 2018,0.0,0.706,0.294,Do you agree with Sen. @KamalaHarris? https://t.co/yiGh4DtoCo,67,@Foxnews
0.0,Fri Jun 22 13:25:41 +0000 2018,0.0,1.0,0.0,".@DanPatrick: ""It's time for statesmen. It's time for gentlemen in Congress. It's time for people to be bigger than… https://t.co/Fz6YEIU3AY",68,@Foxnews
0.0,Fri Jun 22 11:00:01 +0000 2018,0.0,1.0,0.0,"The Bald eagle, once a dying breed, making groundbreaking comeback across the country. https://t.co/2CMm2AtGTk",69,@Foxnews
-0.7964,Fri Jun 22 05:45:00 +0000 2018,0.474,0.526,0.0,Dump truck dumps 'processed human waste' onto highway: Indiana State Police https://t.co/bdZ4cCfotJ,70,@Foxnews
0.0,Fri Jun 22 02:10:03 +0000 2018,0.0,1.0,0.0,"""His whole life was a profile in courage.""

@seanhannity remembers longtime Fox News contributor Charles Krauthamme… https://t.co/UQZDfFD0ZE",71,@Foxnews
0.8442,Fri Jun 22 00:03:58 +0000 2018,0.0,0.664,0.336,".@gen_jackkeane discusses Fox News contributor Charles Krauthammer's love of baseball: ""He loved the game as much a… https://t.co/rAUUpmm51K",72,@Foxnews
0.0,Thu Jun 21 22:53:46 +0000 2018,0.0,1.0,0.0,".@ShannonBream remembers longtime Fox News contributor Charles Krauthammer: ""I always tell people he was the most b… https://t.co/qVQKplvBsP",73,@Foxnews
0.2732,Thu Jun 21 21:17:31 +0000 2018,0.0,0.9,0.1,".@kimguilfoyle: ""We have to deal with this issue, and with children coming over in a compassionate way, but still e… https://t.co/we1nKllPHQ",74,@Foxnews
0.5859,Thu Jun 21 19:35:00 +0000 2018,0.0,0.858,0.142,"""Go home to your mom, darling. Go home. Get him out of here. Out. Was that a man or a woman because he needs a hair… https://t.co/ezqUZqakQx",75,@Foxnews
-0.3182,Thu Jun 21 17:35:00 +0000 2018,0.19,0.688,0.122,.@DanHenninger: Here's another Trumpian solution to illegal immigration: Let the economy control it (via… https://t.co/MOmgZ3BqK2,76,@Foxnews
0.3612,Thu Jun 21 16:48:00 +0000 2018,0.0,0.878,0.122,"""Thank you so much. I'm looking forward to meeting children and touring the facilities.""

WATCH: @FLOTUS visits a c… https://t.co/Mbkbi3QMGa",77,@Foxnews
0.0,Thu Jun 21 14:53:41 +0000 2018,0.0,1.0,0.0,Child scales 'un-climbable' pool ladder in viral video https://t.co/hky2uzs76a https://t.co/xJdlJ7YrjT,78,@Foxnews
-0.4019,Thu Jun 21 12:24:43 +0000 2018,0.252,0.748,0.0,".@Varneyco: ""The media is ignoring - deliberately - @POTUS's success."" https://t.co/diNJWSu6cN",79,@Foxnews
0.0,Thu Jun 21 09:37:57 +0000 2018,0.0,1.0,0.0,President @realDonaldTrump's message to the American worker https://t.co/crO4WfcXqu https://t.co/ItrKfLOMyJ,80,@Foxnews
0.0,Thu Jun 21 08:00:01 +0000 2018,0.0,1.0,0.0,".@MariaBartiromo: ""In the interview of @HillaryClinton by the FBI, there was not one mention - not one question...… https://t.co/b6XQYq5TiX",81,@Foxnews
0.8316,Thu Jun 21 05:30:00 +0000 2018,0.0,0.672,0.328,"President @realDonaldTrump on North Korea: ""All over Asia they're celebrating the great achievement that we made be… https://t.co/1RS1syeldB",82,@Foxnews
0.4939,Thu Jun 21 02:48:30 +0000 2018,0.167,0.526,0.307,West Virginia Supreme Court justice faces 395 years behind bars in federal fraud case. https://t.co/Tl0h9oo0Bj,83,@Foxnews
0.0,Thu Jun 21 00:39:35 +0000 2018,0.0,1.0,0.0,"Immigrant children separated from families won't be reunited right away, administration says. https://t.co/ARTKj3axgk",84,@Foxnews
-0.5719,Wed Jun 20 22:51:52 +0000 2018,0.209,0.791,0.0,Girl in Calif. 'house of horrors' case says sisters 'chained up' in 911 call https://t.co/ySsibHJITo,85,@Foxnews
0.0,Wed Jun 20 20:55:27 +0000 2018,0.0,1.0,0.0,The @TSA is cracking down on powder in carry-on bags. @hillary__vaughn has the story. @TeamCavuto https://t.co/VdvsnCepq5,86,@Foxnews
-0.4588,Wed Jun 20 19:07:48 +0000 2018,0.262,0.595,0.143,"Occupy Wall Street promotes killing ICE agents in gory, step-by-step cartoon. https://t.co/nEogmrIDBC",87,@Foxnews
0.0,Wed Jun 20 17:07:43 +0000 2018,0.0,1.0,0.0,.@NancyPelosi and House Dems hold a news conference https://t.co/uiEi96Flv5,88,@Foxnews
0.0,Wed Jun 20 16:19:56 +0000 2018,0.0,1.0,0.0,.@POTUS comments on immigration https://t.co/zt3abr2EaC,89,@Foxnews
-0.0762,Wed Jun 20 14:28:52 +0000 2018,0.097,0.903,0.0,"Comey hits back at Clinton, won't apologize to her over email probe https://t.co/1xwP8tlAz4",90,@Foxnews
0.0,Wed Jun 20 11:22:44 +0000 2018,0.0,1.0,0.0,Marc Little: “The dramatic reduction of 2.2 million food stamp recipients in the first 18 months of a Donald Trump… https://t.co/ybo9OFKFT3,91,@Foxnews
-0.8658,Wed Jun 20 07:45:00 +0000 2018,0.332,0.593,0.074,"Charles Hurt: ""We've been in a trade war whether we like it or not. China has been in a trade war with us for decad… https://t.co/7WeTAmOdNO",92,@Foxnews
0.5319,Wed Jun 20 05:30:01 +0000 2018,0.13,0.61,0.26,LUCKY DUCKS: @universityofky police officers go above and beyond to rescue a family of ducklings who were trapped i… https://t.co/W7d48MTPH3,93,@Foxnews
0.0,Wed Jun 20 02:52:00 +0000 2018,0.0,1.0,0.0,Elvis Presley's private plane reportedly up for auction. https://t.co/BBRUugPLOG,94,@Foxnews
0.4019,Wed Jun 20 00:46:00 +0000 2018,0.0,0.803,0.197,Police officers help out 9-year-old's lemonade stand after he was robbed. https://t.co/88y59AGbwF,95,@Foxnews
-0.2023,Tue Jun 19 22:33:01 +0000 2018,0.17,0.7,0.13,"The Trump administration promises a second round of tariffs against Chinese imports, and is threatening a third.… https://t.co/Lf8JQtqT6z",96,@Foxnews
0.0,Tue Jun 19 19:48:48 +0000 2018,0.0,1.0,0.0,"House Judiciary and Oversight and Government Reform Committees hold a joint hearing on ""Oversight of the FBI and DO… https://t.co/srnemBNdrq",97,@Foxnews
0.0,Tue Jun 19 17:17:20 +0000 2018,0.0,1.0,0.0,.@POTUS: “Wages for working people are finally after 22 years rising again in our country.” https://t.co/urzL1pVYEU,98,@Foxnews
0.0,Tue Jun 19 14:58:11 +0000 2018,0.0,1.0,0.0,.@TGowdySC scorches Comey in blistering opening statement at IG hearing https://t.co/wkawa4RjQY https://t.co/L33Zjy2QiU,99,@Foxnews
-0.5994,Tue Jun 19 12:43:10 +0000 2018,0.281,0.719,0.0,RT @FoxBusiness: .@Google AI can predict when you will die https://t.co/yljHpPN5zR,100,@Foxnews
-0.765,Thu Jun 28 18:57:43 +0000 2018,0.569,0.431,0.0,Women fear abortion rights under threat https://t.co/t1YfZwmiE7,1,@BBCWorld
-0.7906,Thu Jun 28 13:24:45 +0000 2018,0.5,0.5,0.0,Shujhaat Bukhari: Pakistan militants blamed for journalist death https://t.co/3VJhJVqbC0,2,@BBCWorld
-0.2732,Thu Jun 28 09:18:26 +0000 2018,0.189,0.811,0.0,Australia charges former officer in East Timor spy case https://t.co/L7SDzR8C6p,3,@BBCWorld
0.0772,Thu Jun 28 00:13:42 +0000 2018,0.0,0.874,0.126,What do European governments want from the EU Summit? https://t.co/4EHTLBtXHm,4,@BBCWorld
0.0,Wed Jun 27 16:43:09 +0000 2018,0.0,1.0,0.0,Joe Jackson: Patriarch of Jackson family dies aged 89 https://t.co/J4f5joitPL,5,@BBCWorld
0.2263,Wed Jun 27 09:40:39 +0000 2018,0.0,0.84,0.16,"Malaysia 1MDB: Seized tiaras, cash and Hermes bags 'worth $273m' https://t.co/yVca9C025a",6,@BBCWorld
0.5574,Tue Jun 26 20:06:46 +0000 2018,0.194,0.323,0.484,NSA contractor Reality Winner admits leak https://t.co/uqiSN5PWqw,7,@BBCWorld
0.0,Tue Jun 26 15:19:53 +0000 2018,0.0,1.0,0.0,Ottawa Bluesfest preparations obstructed by nesting bird https://t.co/8WXtcXOyXx,8,@BBCWorld
0.0,Tue Jun 26 11:09:32 +0000 2018,0.0,1.0,0.0,Papua New Guinea polio outbreak declared https://t.co/oHDsuJ0gEF,9,@BBCWorld
0.6114,Mon Jun 25 19:56:35 +0000 2018,0.0,0.815,0.185,"RT @BBCSport: FT: #ESP 2-2 #MAR 

Dramatic finish! Iago Aspas' classy flick has sealed a point - and Spain's place at the top of Group B (f…",10,@BBCWorld
0.7579,Mon Jun 25 15:55:38 +0000 2018,0.0,0.737,0.263,"RT @BBCSport: Full time: Uruguay 3-0 Russia. 

#URU top the group after an impressive display to beat the hosts. They will play the runner-…",11,@BBCWorld
0.0,Mon Jun 25 09:50:58 +0000 2018,0.0,1.0,0.0,"A pitch invader with a difference 

https://t.co/nhWG8stRZR https://t.co/FKjkR5i32s",12,@BBCWorld
0.0,Sun Jun 24 15:54:59 +0000 2018,0.0,1.0,0.0,Erdogan leads after early results in Turkey https://t.co/3ywfCK7u0H,13,@BBCWorld
0.0,Sun Jun 24 07:44:41 +0000 2018,0.0,1.0,0.0,"New Zealand's PM reveals her daughter's name as she leaves hospital in Auckland 👶🇳🇿

https://t.co/5E751apfOg https://t.co/Zt70QyeRZz",14,@BBCWorld
0.4926,Sat Jun 23 13:14:50 +0000 2018,0.0,0.878,0.122,"RT @BBCSport: GOAL! #BEL 4-1 #TUN 

Hazard latches on to De Bruyne's pass, skips past the keeper and scores.

Belgium look good. Very good.…",15,@BBCWorld
0.0,Fri Jun 22 23:15:25 +0000 2018,0.0,1.0,0.0,The Kashmiri art bringing Hindus and Muslims together https://t.co/YobgGIkYEs,16,@BBCWorld
0.4215,Fri Jun 22 12:26:29 +0000 2018,0.0,0.781,0.219,Turkey elections: How powerful will the next Turkish president be? https://t.co/F4JpXasNfY,17,@BBCWorld
-0.4767,Fri Jun 22 01:45:33 +0000 2018,0.279,0.721,0.0,World Cup: Binocular booze smuggling gets Colombian sacked https://t.co/vfuHrxefST,18,@BBCWorld
0.0,Thu Jun 21 15:15:48 +0000 2018,0.0,1.0,0.0,Peel Cathedral: Vandals target grounds of Isle of Man cathedral https://t.co/N7f2v6YojA,19,@BBCWorld
0.3818,Thu Jun 21 10:33:31 +0000 2018,0.0,0.794,0.206,World Cup 2018: Female reporter groped and kissed on air https://t.co/wirz1tEUPh,20,@BBCWorld
0.0,Wed Jun 20 23:10:49 +0000 2018,0.0,1.0,0.0,US migrant children: The bigger picture explained https://t.co/NciNo0tpte,21,@BBCWorld
-0.0516,Wed Jun 20 15:08:56 +0000 2018,0.107,0.893,0.0,Why did the US leave the UN Human Rights Council? https://t.co/2GgjpV8Tg9,22,@BBCWorld
0.0,Wed Jun 20 06:28:20 +0000 2018,0.0,1.0,0.0,"Canada's parliament passes law legalising recreational cannabis use

https://t.co/NRcOozPK9A https://t.co/muCV5Ujke7",23,@BBCWorld
0.0,Tue Jun 19 17:47:28 +0000 2018,0.0,1.0,0.0,What is Donald Trump's family-separation endgame? https://t.co/qwJpEhMWze,24,@BBCWorld
0.7717,Tue Jun 19 13:54:15 +0000 2018,0.0,0.758,0.242,"RT @BBCSport: FT #COL 1-2 #JPN 

Japan win only their fifth ever #WorldCup game thanks to goals from Kagawa and Osako. #COLJPN 

👉 https://…",25,@BBCWorld
0.0,Tue Jun 19 09:40:26 +0000 2018,0.0,1.0,0.0,"Don't call me 'Manu' - French President reprimands teen

https://t.co/aRdGe4plUh https://t.co/pqf5wxJcKY",26,@BBCWorld
0.128,Mon Jun 18 21:49:35 +0000 2018,0.095,0.791,0.115,RT @BBCNorthAmerica: Former US footballer Landon Donovan has come under fire for supporting Mexico in the #WorldCup. Americans -- who are y…,27,@BBCWorld
-0.3182,Mon Jun 18 15:04:50 +0000 2018,0.103,0.897,0.0,"RT @BBCNews: ""Don't ask me how much for a night""

After being confused for a prostitute at a networking event, magazine editor Sherry Colli…",28,@BBCWorld
0.0,Mon Jun 18 09:34:41 +0000 2018,0.0,1.0,0.0,"RT @BBCNews: Gaming addiction is listed as mental health condition for first time by @WHO 

So how much is too much? https://t.co/Z66IF5Iw6…",29,@BBCWorld
0.3182,Sun Jun 17 23:15:56 +0000 2018,0.0,0.635,0.365,The half-a-home housing solution https://t.co/bupiEf81DB,30,@BBCWorld
-0.34,Sun Jun 17 10:01:32 +0000 2018,0.179,0.821,0.0,Tesla on fire: UK director Michael Morris' car bursts into flames https://t.co/6rsHLN4oU3,31,@BBCWorld
-0.7964,Sat Jun 16 16:01:28 +0000 2018,0.542,0.458,0.0,Venezuela: Caracas club stampede leaves 17 dead https://t.co/xOOIYv1bAx,32,@BBCWorld
-0.6705,Fri Jun 15 22:31:05 +0000 2018,0.524,0.476,0.0,Theranos founder hit with criminal charges https://t.co/rUrJS8rUJE,33,@BBCWorld
0.0,Fri Jun 15 14:10:48 +0000 2018,0.0,1.0,0.0,Attorney General Jeff Sessions quotes Bible to defend immigration policies https://t.co/uqstKcFklw,34,@BBCWorld
0.0,Fri Jun 15 08:33:45 +0000 2018,0.0,1.0,0.0,China vows fast response to US tariffs https://t.co/pejqCO7YQn,35,@BBCWorld
0.6369,Thu Jun 14 18:18:30 +0000 2018,0.0,0.802,0.198,RT @BBCNorthAmerica: Have you or a loved one been impacted by an immigration-related separation in the US? We want to listen. Reply to this…,36,@BBCWorld
-0.0516,Thu Jun 14 13:19:20 +0000 2018,0.057,0.943,0.0,"RT @BBC100women: ""You cannot grow football if you leave half of the world's population behind.""

As #WorldCupRussia2018 kicks off, FIFA's f…",37,@BBCWorld
0.2263,Thu Jun 14 02:56:59 +0000 2018,0.099,0.762,0.139,"RT @BBCBreaking: ""No sanctions relief"" for North Korea until complete denuclearisation, US Secretary of State Mike Pompeo says https://t.co…",38,@BBCWorld
-0.7906,Wed Jun 13 17:41:43 +0000 2018,0.412,0.588,0.0,Syria war: OPCW says Sarin was used in March 2017 attack https://t.co/tDc2ql4tDG,39,@BBCWorld
0.0,Wed Jun 13 11:03:32 +0000 2018,0.0,1.0,0.0,India chess player quits Iran tournament over headscarf rule https://t.co/X4SgOm8ec4,40,@BBCWorld
0.0,Wed Jun 13 04:27:27 +0000 2018,0.0,1.0,0.0,Australia cements Solomon Islands deal amid China influence debate https://t.co/0VGZiwZYFN,41,@BBCWorld
0.0,Tue Jun 12 20:20:41 +0000 2018,0.0,1.0,0.0,"Any questions about the historic #TrumpKimSummit? @BBCJonSopel will answer your queries, use #BBCNewsTen https://t.co/fXxKJJJTUx",42,@BBCWorld
0.6369,Tue Jun 12 11:03:32 +0000 2018,0.0,0.656,0.344,Volkswagen Beetle: Mexico's enduring love of a classic car https://t.co/7fOLBvcEN0,43,@BBCWorld
0.0,Tue Jun 12 08:08:49 +0000 2018,0.0,1.0,0.0,Kim: 'The world will see a major change' https://t.co/KqDvL7h74p,44,@BBCWorld
0.2732,Tue Jun 12 04:12:36 +0000 2018,0.0,0.769,0.231,In pictures: Kim makes surprise Singapore tour https://t.co/3TsUH4hGLL,45,@BBCWorld
0.0,Mon Jun 11 23:31:32 +0000 2018,0.0,1.0,0.0,"Extraordinary scenes in Singapore last night as Mr Kim took a tour downtown. 

Some in the crowd were even shouting… https://t.co/IhFfCpvCJG",46,@BBCWorld
0.0,Mon Jun 11 16:40:25 +0000 2018,0.0,1.0,0.0,Catalan village women vote for topless bathing after row at pool https://t.co/5GwaM5JvFB,47,@BBCWorld
0.4588,Mon Jun 11 09:31:50 +0000 2018,0.0,0.727,0.273,Florida school shooting survivors sing at Tony Awards https://t.co/vxypgTtQ0p,48,@BBCWorld
0.0,Mon Jun 11 01:27:40 +0000 2018,0.0,1.0,0.0,"So. @realDonaldTrump and Kim Jong-un are both now in Singapore for their much anticipated, historic first meeting.… https://t.co/wDACLlLPmZ",49,@BBCWorld
-0.7906,Sun Jun 10 11:39:04 +0000 2018,0.5,0.5,0.0,G7 summit: France condemns Trump 'fits of anger' https://t.co/jOZ7VdVyw3,50,@BBCWorld
0.0,Sat Jun 09 22:40:30 +0000 2018,0.0,1.0,0.0,G7 summit: $3bn pledge for girls' education https://t.co/lzB0N8d2dG,51,@BBCWorld
0.1027,Sat Jun 09 11:20:53 +0000 2018,0.167,0.641,0.192,French Open 2018: Simona Halep aims for maiden Grand Slam title https://t.co/ygHKq9Q1mH,52,@BBCWorld
-0.6705,Fri Jun 08 22:27:18 +0000 2018,0.36,0.64,0.0,Why US suicide rate is on the rise https://t.co/6jqRzwhm8Q,53,@BBCWorld
0.5859,Fri Jun 08 14:35:20 +0000 2018,0.0,0.678,0.322,RT @BBCNews: The Queen has successful cataract operation https://t.co/xsbqmA0rT5,54,@BBCWorld
-0.4404,Fri Jun 08 09:07:25 +0000 2018,0.244,0.756,0.0,Austria to shut seven 'political' mosques and expel imams https://t.co/40EAL3221A,55,@BBCWorld
0.1779,Thu Jun 07 23:09:33 +0000 2018,0.168,0.611,0.221,Guatemala volcano: 'There's no hope for finding my family' https://t.co/kVLiofAbdO,56,@BBCWorld
0.0,Thu Jun 07 15:11:02 +0000 2018,0.0,1.0,0.0,Korean woman survives six days in Australian wilderness https://t.co/UpXmoQRUWS,57,@BBCWorld
0.2263,Thu Jun 07 08:52:42 +0000 2018,0.121,0.717,0.161,RT @BBCBreaking: Human rights campaigners lose UK Supreme Court appeal over legality of Northern Ireland's abortion law https://t.co/dWihoH…,58,@BBCWorld
0.0,Wed Jun 06 23:12:51 +0000 2018,0.0,1.0,0.0,"Storm over India film on women who 'smoke, drink and have sex' https://t.co/TsbQ2QeEcm",59,@BBCWorld
0.0,Wed Jun 06 15:58:25 +0000 2018,0.0,1.0,0.0,US child migrants: Sessions defends border separations https://t.co/sdhL1fXqaL,60,@BBCWorld
0.5574,Wed Jun 06 09:28:41 +0000 2018,0.0,0.603,0.397,Emotional 'welcome home' for Magdalene survivors in Dublin https://t.co/QviqzdmJJB,61,@BBCWorld
-0.4215,Wed Jun 06 00:29:32 +0000 2018,0.37,0.432,0.198,Argentina 'cancels Israel World Cup friendly' after Gaza violence https://t.co/KMsNcPRLcE,62,@BBCWorld
0.0,Tue Jun 05 18:30:19 +0000 2018,0.0,1.0,0.0,Parkland teenager David Hogg 'swatted' in prank call https://t.co/ZidQnFGY63,63,@BBCWorld
0.4019,Tue Jun 05 10:55:10 +0000 2018,0.0,0.829,0.171,Former North Korean spies see the country's growing diplomatic activities as a chance to return to the land they lo… https://t.co/fgMfEG6pch,64,@BBCWorld
-0.7184,Tue Jun 05 01:21:33 +0000 2018,0.462,0.538,0.0,Henri van Breda: Axe murderer transfixes South Africa https://t.co/O1dNCMtV3L,65,@BBCWorld
-0.5719,Mon Jun 04 18:47:47 +0000 2018,0.351,0.541,0.108,Tunisia migrant shipwreck death toll reaches 112 https://t.co/Rnj6nvZOe5,66,@BBCWorld
-0.34,Mon Jun 04 11:37:48 +0000 2018,0.194,0.806,0.0,FBI agent accidentally shoots customer in leg during backflip move https://t.co/sSOlZVYozc,67,@BBCWorld
0.1027,Mon Jun 04 00:51:09 +0000 2018,0.152,0.652,0.196,Australian bank offers to pay record fine https://t.co/X54adKAeIy,68,@BBCWorld
0.0,Sun Jun 03 13:04:19 +0000 2018,0.0,1.0,0.0,Syria's President Assad 'to visit North Korea' https://t.co/3nXJeObtwf,69,@BBCWorld
0.0,Sat Jun 02 20:48:47 +0000 2018,0.0,1.0,0.0,Cuba to begin constitutional reforms to formalise ''opening-up' https://t.co/34HeDlM7ew,70,@BBCWorld
0.4215,Sat Jun 02 00:01:51 +0000 2018,0.0,0.714,0.286,Why Iranians are sharing their #MeToo moments https://t.co/hegY10CRfU,71,@BBCWorld
0.0,Fri Jun 01 17:15:11 +0000 2018,0.0,1.0,0.0,World Cup 2018: Nigeria kit sells out after three million pre-orders https://t.co/m1U4Q275NT,72,@BBCWorld
-0.3818,Fri Jun 01 13:03:43 +0000 2018,0.271,0.729,0.0,Tramadol emboldens vigilantes to fight Boko Haram https://t.co/FPA4Mm8RYe,73,@BBCWorld
-0.5994,Fri Jun 01 01:22:11 +0000 2018,0.328,0.672,0.0,The Iranian librarian who escaped war through cosplay https://t.co/rATWN6jwv7,74,@BBCWorld
-0.5994,Thu May 31 16:59:52 +0000 2018,0.302,0.698,0.0,Arkady Babchenko's hoaxed death in Ukraine used pig's blood https://t.co/VwjXbkTjkf,75,@BBCWorld
0.7233,Thu May 31 12:19:15 +0000 2018,0.0,0.768,0.232,RT @BBCkatyaadler: 5Star wants this government to work. They see new elections would probably result in a far more powerful League Party (a…,76,@BBCWorld
-0.886,Thu May 31 01:39:55 +0000 2018,0.634,0.366,0.0,Arkady Babchenko: Ukraine condemned for faking journalist's murder https://t.co/qvQVmspvHz,77,@BBCWorld
0.0,Wed May 30 16:51:38 +0000 2018,0.0,1.0,0.0,Biafra shutdown cripples Nigerian cities https://t.co/ohQqtZmhQK,78,@BBCWorld
-0.4404,Wed May 30 09:48:49 +0000 2018,0.293,0.707,0.0,North Koreans dare to criticise 'vampire leader' https://t.co/UNTSF3xPRP,79,@BBCWorld
0.0,Tue May 29 23:14:48 +0000 2018,0.0,1.0,0.0,The sign language lawyer who became a social media star https://t.co/d4FPrjeCYK,80,@BBCWorld
-0.0772,Tue May 29 16:29:10 +0000 2018,0.126,0.874,0.0,Roseanne Barr sorry for comparing Obama aide to ape https://t.co/pMADfbyhAk,81,@BBCWorld
-0.6249,Tue May 29 10:06:22 +0000 2018,0.369,0.631,0.0,Italy political crisis hits European stock markets https://t.co/NBpbe9QyT8,82,@BBCWorld
-0.34,Mon May 28 22:22:41 +0000 2018,0.211,0.789,0.0,Police filmed punching woman in New Jersey beach arrest https://t.co/GDLaUDAyOR,83,@BBCWorld
-0.3612,Mon May 28 09:08:06 +0000 2018,0.152,0.848,0.0,"Bulgarians find their tweets and Twitter accounts removed, having been mistaken for Russian bots https://t.co/AqUjqjqgoG",84,@BBCWorld
-0.4939,Sun May 27 23:42:45 +0000 2018,0.242,0.758,0.0,Monica Lewinsky and Stormy Daniels: Political scandals across two eras https://t.co/3tqhUPHYTG,85,@BBCWorld
0.7964,Sun May 27 00:39:48 +0000 2018,0.0,0.458,0.542,Real Madrid fans celebrate Champions League victory https://t.co/qoLm4pBI4M,86,@BBCWorld
0.0,Sat May 26 15:51:47 +0000 2018,0.0,1.0,0.0,Ireland abortion referendum: Quiet revolution - Irish PM https://t.co/dmXeR0IYyw,87,@BBCWorld
0.0,Sat May 26 01:58:57 +0000 2018,0.0,1.0,0.0,Liverpool-Real Madrid: How Mo Salah fever has gripped Africa https://t.co/53FuZ7Tqcl,88,@BBCWorld
0.0,Fri May 25 15:46:05 +0000 2018,0.0,1.0,0.0,"""We do get fed up of society saying I should move out - sometimes you don't always have a choice!"" 🏠

https://t.co/QjQRLzXdQv",89,@BBCWorld
0.0,Fri May 25 10:45:16 +0000 2018,0.0,1.0,0.0,F1 'should not objectify women' https://t.co/yl3966alkm,90,@BBCWorld
0.0,Fri May 25 05:32:19 +0000 2018,0.0,1.0,0.0,The Muslims who fast for 22 hours a day in Iceland https://t.co/CcOdee5L3V,91,@BBCWorld
0.0,Thu May 24 19:34:08 +0000 2018,0.269,0.385,0.346,Morgan Freeman apologises after sex harassment claims https://t.co/1PSsaqR9O6,92,@BBCWorld
-0.4588,Thu May 24 11:37:50 +0000 2018,0.25,0.75,0.0,Italy student flies home from Pakistan after forced abortion https://t.co/ZEzyvQNiVr,93,@BBCWorld
0.0,Thu May 24 06:19:05 +0000 2018,0.0,1.0,0.0,Martin Luther King's daughter rubbishes Bannon claim about Trump https://t.co/QEbtljTMrJ,94,@BBCWorld
0.5598,Wed May 23 19:19:29 +0000 2018,0.0,0.689,0.311,Yulia Skripal: 'We are so lucky to survive' https://t.co/JBOXoldgXk,95,@BBCWorld
0.0,Wed May 23 14:07:22 +0000 2018,0.0,1.0,0.0,Grenfell Inquiry: What questions will be answered? https://t.co/09CNZH3oa7,96,@BBCWorld
0.128,Wed May 23 06:37:06 +0000 2018,0.13,0.722,0.148,"RT @BBCBreaking: ""The great American novelist of our postwar world"" - Tributes paid to novelist Philip Roth, who has died aged 85 https://t…",97,@BBCWorld
-0.7351,Tue May 22 19:58:08 +0000 2018,0.554,0.446,0.0,McDonald's workers make sexual harassment complaints https://t.co/ZIz8r6Px98,98,@BBCWorld
0.0,Tue May 22 14:36:24 +0000 2018,0.0,1.0,0.0,RT @richard_conway: A planned vote over a new Fifa Nations League and a revamped 24 team Club World Cup will not take place now prior to th…,99,@BBCWorld
0.0,Tue May 22 03:53:05 +0000 2018,0.0,1.0,0.0,Sony buys controlling stake in EMI record label https://t.co/0oPPpHCKlM,100,@BBCWorld
0.0,Thu Jun 28 19:10:09 +0000 2018,0.0,1.0,0.0,"Our Politics editor, @patrickhealynyt, answered readers’ questions on The Times’s political coverage and plans for… https://t.co/mZkDGnkxVl",1,@nytimes
-0.2263,Thu Jun 28 16:46:15 +0000 2018,0.091,0.909,0.0,"Gwyneth Paltrow, who told us how she was expected to keep Harvey Weinstein's unwanted advances a secret, said to se… https://t.co/bKGOwAUWIQ",2,@nytimes
-0.7783,Thu Jun 28 14:30:08 +0000 2018,0.306,0.521,0.174,"""Your lenient sentence amounts to a slap on the wrist for a serial rapist whose violent and sadistic sex crimes wil… https://t.co/CSDeridoQY",3,@nytimes
-0.1779,Thu Jun 28 11:21:04 +0000 2018,0.096,0.904,0.0,"A video shows Elaine Chao defending Mitch McConnell, her husband, as students confront them on Georgetown Universit… https://t.co/C8o9nxWl3Z",4,@nytimes
0.1531,Thu Jun 28 07:32:01 +0000 2018,0.119,0.738,0.143,The president of South Sudan and his former vice president have signed a peace deal. Many worry that a lasting reso… https://t.co/SfCGQ40yKG,5,@nytimes
0.6908,Thu Jun 28 02:47:01 +0000 2018,0.113,0.542,0.345,"RT @nytgraphics: With Justice Kennedy's retirement, the Supreme Court loses its swing vote.
https://t.co/LT6IfMh9PP",6,@nytimes
0.3612,Wed Jun 27 22:17:04 +0000 2018,0.0,0.889,0.111,"RT @nytvideo: “Women like me aren’t supposed to run for office,” Alexandria Ocasio-Cortez said in a campaign video last month. In a stunnin…",7,@nytimes
0.5574,Wed Jun 27 18:11:25 +0000 2018,0.0,0.841,0.159,"Breaking News: Anthony Kennedy is retiring from the Supreme Court. He was often the swing vote, and President Trump… https://t.co/ojdg7urbeq",8,@nytimes
-0.2204,Wed Jun 27 14:58:26 +0000 2018,0.075,0.925,0.0,"RT @mattfleg: Was just going back through some notes from our chat w/ @Ocasio2018 many weeks ago. This stood out: ""There’s this weird mascu…",9,@nytimes
0.0,Wed Jun 27 10:44:06 +0000 2018,0.0,1.0,0.0,Results for elections in 7 states https://t.co/MAme5UnNmP https://t.co/sXLPiAvuny,10,@nytimes
-0.4767,Wed Jun 27 05:31:06 +0000 2018,0.162,0.838,0.0,"RT @nytimesarts: ""You are causing suffering and division,"" David Lynch wrote to President Trump on Facebook. https://t.co/LGrlem92wF",11,@nytimes
0.0,Wed Jun 27 01:42:04 +0000 2018,0.0,1.0,0.0,"Maryland election live results
https://t.co/um64AZYOZn",12,@nytimes
-0.296,Tue Jun 26 21:31:42 +0000 2018,0.095,0.905,0.0,Something missing here? We removed the ⚽️s from these World Cup photos. See if you can guess where they once were.… https://t.co/lQ8dqEbLFc,13,@nytimes
0.0,Tue Jun 26 18:48:04 +0000 2018,0.143,0.714,0.143,"Sonia Sotomayor in her dissent of the Supreme Court's travel ban decision, lashed out at President Trump, quoting a… https://t.co/0160x3OYQx",14,@nytimes
0.0,Tue Jun 26 15:48:07 +0000 2018,0.0,1.0,0.0,The murals started appearing quietly in Paris last week. Now they're confirmed as the work of Banksy — and the race… https://t.co/4Hu0vvtS2p,15,@nytimes
0.0,Tue Jun 26 12:45:06 +0000 2018,0.0,1.0,0.0,"A new version of the 1040 income tax form may be postcard-size, but smaller is not necessarily simpler https://t.co/y85VPje5ai",16,@nytimes
0.7579,Tue Jun 26 08:02:04 +0000 2018,0.0,0.764,0.236,A Sri Lankan port is one of the most vivid examples of China’s ambitious use of loans and aid to gain influence aro… https://t.co/CkktD1yVWo,17,@nytimes
-0.1779,Tue Jun 26 02:55:49 +0000 2018,0.078,0.922,0.0,"RT @jmartNYT: For two years, Democrats have wrestled with how to confront Trump and his norm-breaking behavior.

But now progressive activi…",18,@nytimes
-0.5994,Mon Jun 25 22:17:05 +0000 2018,0.163,0.837,0.0,"RT @AnaSwanson: Dispatch from Wisconsin, where I ate all the cheese. Trump’s trade war shuts cheesemakers out of foreign markets via @NYTim…",19,@nytimes
0.3818,Mon Jun 25 19:03:34 +0000 2018,0.0,0.874,0.126,"We focused on one street where entire buildings were leveled by conventional bombs. Then, we identified a single ap… https://t.co/vqMHb54WbS",20,@nytimes
-0.8271,Mon Jun 25 15:45:07 +0000 2018,0.278,0.722,0.0,RT @nytvideo: One chlorine bomb. Two floors of an apartment building. Dozens killed in Syria. Our visual investigation is the most detailed…,21,@nytimes
0.2023,Mon Jun 25 12:30:09 +0000 2018,0.0,0.909,0.091,"The dairy industry now faces substantial tariffs on products it exports as Mexico, Canada and other countries retal… https://t.co/zCgYw2N3cR",22,@nytimes
0.4215,Mon Jun 25 08:43:05 +0000 2018,0.0,0.877,0.123,"Parents of more than 2,300 children who were separated after their arrival in the United States now face lengthy bu… https://t.co/uLotoErlgX",23,@nytimes
0.25,Mon Jun 25 04:00:40 +0000 2018,0.0,0.875,0.125,The current system favors low-risk research and proposals by older scientists and white men https://t.co/146dobJptF,24,@nytimes
0.0,Sun Jun 24 23:31:07 +0000 2018,0.0,1.0,0.0,"Nonfiction: In One City, 2,000 Years of Gay History https://t.co/cHCzb9lEEd",25,@nytimes
0.4215,Sun Jun 24 19:45:05 +0000 2018,0.0,0.877,0.123,"Parents of more than 2,300 children who were separated after their arrival in the United States now face lengthy bu… https://t.co/lG5HBTEssV",26,@nytimes
-0.3612,Sun Jun 24 15:15:10 +0000 2018,0.111,0.889,0.0,Japan takes on Senegal in a Group H match between 2 underdogs who pulled off upsets in their first games of this Wo… https://t.co/MNcWYoZR92,27,@nytimes
0.4215,Sun Jun 24 10:38:32 +0000 2018,0.0,0.763,0.237,"A Space Force? The Idea May Have Merit, Some Say https://t.co/bJMjH70Wfz",28,@nytimes
0.0,Sun Jun 24 05:05:00 +0000 2018,0.0,1.0,0.0,Astronomers have discovered thousands of exoplanets circling other stars within our galaxy. Is life only possible o… https://t.co/v4wzfQLnrg,29,@nytimes
-0.3252,Sun Jun 24 00:27:37 +0000 2018,0.206,0.794,0.0,This summery recipe from Jacques Pépin couldn't be easier https://t.co/ljldp9UFUX,30,@nytimes
-0.7506,Sat Jun 23 20:50:01 +0000 2018,0.382,0.504,0.113,"Domestic abuse victims, their lawyers, shelter workers and emergency responders describe how smart home technology… https://t.co/e3Sxugpklz",31,@nytimes
0.0,Sat Jun 23 16:45:12 +0000 2018,0.0,1.0,0.0,Your weekend playlist has arrived https://t.co/5mAz2w2b0t,32,@nytimes
-0.709,Sat Jun 23 12:21:06 +0000 2018,0.272,0.642,0.087,"“We’re not supposed to be curious about death now. But how can you not be? It’s a great human mystery."" https://t.co/0YUiTcbx9u",33,@nytimes
0.0,Sat Jun 23 06:20:43 +0000 2018,0.0,1.0,0.0,"If you’re a World Cup aficionado, take the time to savor this one. It may be the last version with a format. https://t.co/Sx8dNVaifP",34,@nytimes
0.0,Sat Jun 23 00:47:04 +0000 2018,0.0,1.0,0.0,"When a salon in Maryland posted a promotion for a $100 deal on hair color service, Facebook decided it was a politi… https://t.co/Yj2ApWJhGb",35,@nytimes
0.25,Fri Jun 22 20:00:06 +0000 2018,0.0,0.917,0.083,"If “The Conners” must go on after Roseanne Barr, it has a chance to show middle America — all of it, this time, our… https://t.co/mlLzyUELLs",36,@nytimes
-0.5574,Fri Jun 22 16:00:04 +0000 2018,0.153,0.847,0.0,"Anthony Bourdain didn't have narcotics in his body when he died earlier this month, a prosecutor in charge of the i… https://t.co/tgxhVbGHO5",37,@nytimes
-0.34,Fri Jun 22 11:45:07 +0000 2018,0.154,0.748,0.098,"""I feel like I'm going to die. I feel powerless."" A woman from Guatemala said she had not seen her 8-year-old daugh… https://t.co/jOuoH5iuH6",38,@nytimes
-0.6705,Fri Jun 22 06:39:33 +0000 2018,0.333,0.667,0.0,"Unneeded Drugs Killed Hundreds at U.K. Hospital, Inquiry Finds https://t.co/x0CgBIPjAj",39,@nytimes
0.4215,Fri Jun 22 02:02:05 +0000 2018,0.0,0.872,0.128,"""Daria"" and ""The Real World"" are getting reboots. A look back on MTV's past attempts to update its old favorites. https://t.co/UFnNL8UrJ3",40,@nytimes
0.1779,Thu Jun 21 21:38:30 +0000 2018,0.0,0.898,0.102,"These shots speak a commanding, unwritten narrative of escape and discovery. See more of the photos:… https://t.co/XPSX6ARfQK",41,@nytimes
0.765,Thu Jun 21 19:40:08 +0000 2018,0.0,0.761,0.239,This is the story of Pride in a Mississippi city. It’s also the story of how queer love and life may differ strikin… https://t.co/7CeqD9uqAp,42,@nytimes
-0.1779,Thu Jun 21 17:10:05 +0000 2018,0.134,0.766,0.1,"Amrita Sher-Gil, often called the ""Indian Frida Kahlo,"" understood the loneliness of her subjects well, since their… https://t.co/Q1ImvKdokm",43,@nytimes
-0.6705,Thu Jun 21 14:49:05 +0000 2018,0.191,0.809,0.0,"RT @NYTNational: Police killings of unarmed black Americans have taken a toll on the mental health of the African-American community, a stu…",44,@nytimes
0.4215,Thu Jun 21 11:00:05 +0000 2018,0.0,0.851,0.149,Trump plans to propose a government reorganization that includes relocating many social safety net programs into a… https://t.co/a5AMdQRMzA,45,@nytimes
0.0,Thu Jun 21 06:02:05 +0000 2018,0.0,1.0,0.0,"""You call me Mr. President of the Republic or sir,"" Emmanuel Macron told a ninth-grade boy who called out, ""How's i… https://t.co/iESy0YfrRO",46,@nytimes
0.0,Thu Jun 21 00:17:04 +0000 2018,0.0,1.0,0.0,RT @nytgraphics: Misconceptions about immigration are in stark contrast to the realities around the world https://t.co/kmyV3oi7Yp,47,@nytimes
0.2263,Wed Jun 20 19:46:05 +0000 2018,0.0,0.84,0.16,Instagram will now allow videos up to an hour long https://t.co/NGsHzYe1oj,48,@nytimes
-0.7351,Wed Jun 20 15:33:00 +0000 2018,0.228,0.772,0.0,"RT @itscaitlinhd: My latest on tender age kids: “We’ve seen young kids having panic attacks, they can’t sleep, they’re wetting the bed. The…",49,@nytimes
0.0,Wed Jun 20 11:20:05 +0000 2018,0.0,1.0,0.0,RT @AndrewDasNYT: The infamous Sochi drug-testing lab where Russian officials switched samples during the Olympics is now a gastro pub. @an…,50,@nytimes
-0.34,Wed Jun 20 06:37:10 +0000 2018,0.211,0.789,0.0,U.S. Judge Lambastes F.B.I. Over Dylann Roof’s Gun Purchase https://t.co/qm20RU4Sjq,51,@nytimes
0.5574,Wed Jun 20 02:01:04 +0000 2018,0.0,0.806,0.194,Take a closer look at the World Cup goal that made Russia's Denis Cheryshev a hero (again) https://t.co/pkmK56Ge2W,52,@nytimes
0.0,Tue Jun 19 21:19:04 +0000 2018,0.0,1.0,0.0,Here's a full schedule of World Cup matches https://t.co/iCGS2trg8i,53,@nytimes
-0.8074,Tue Jun 19 18:38:01 +0000 2018,0.304,0.696,0.0,"RT @nytopinion: It’s hard to know who’s worse: the Trump officials glorying in a cruel separation policy, or those who are willingly lying…",54,@nytimes
-0.7717,Tue Jun 19 15:48:04 +0000 2018,0.261,0.739,0.0,"Huawei fears that the world is embarking on a new cold war, this time over technology. As Australia may show, Huawe… https://t.co/LcyV8NMkT6",55,@nytimes
0.1796,Tue Jun 19 12:15:04 +0000 2018,0.096,0.777,0.128,"In the last 18 months, XXXTentacion quickly became one of popular music's most controversial and, in some circles,… https://t.co/ZZBO86eum3",56,@nytimes
0.0772,Tue Jun 19 07:31:04 +0000 2018,0.144,0.664,0.192,"RT @nytimesworld: Kim Jong-un arrives in China as a trade war between Washington and Beijing intensifies, giving him an opportunity to play…",57,@nytimes
-0.8126,Tue Jun 19 02:21:02 +0000 2018,0.261,0.739,0.0,Tim Cook has been pleading with the Trump White House to understand that a trade war is bad for the economy — and b… https://t.co/M7l6HsxGAJ,58,@nytimes
0.0,Mon Jun 18 22:11:03 +0000 2018,0.0,1.0,0.0,RT @FrancesRobles: The New York Times decided as a newsroom not to publish the government handout photos of the border shelters where migra…,59,@nytimes
-0.872,Mon Jun 18 18:30:03 +0000 2018,0.331,0.669,0.0,"RT @peterbakernyt: As he attacks Merkel's migration policies, Trump claims ""crime in Germany is way up."" In fact, crime rates in Germany ar…",60,@nytimes
0.0,Mon Jun 18 15:10:02 +0000 2018,0.0,1.0,0.0,Public schools are closing and being replaced by religious schools. Tens of thousands of public teachers have been… https://t.co/1idgWoxqkm,61,@nytimes
0.0,Mon Jun 18 11:20:04 +0000 2018,0.0,1.0,0.0,"""I'll have my toothbrush, and the book, sketch pad, small bottles of ink and steel pens and pencils. I might leave… https://t.co/MwPkHKepBb",62,@nytimes
0.875,Mon Jun 18 03:48:21 +0000 2018,0.0,0.545,0.455,Who has the best chance to win the World Cup? Here are the odds. https://t.co/c4GAyVoHFT,63,@nytimes
0.0,Sun Jun 17 22:58:09 +0000 2018,0.0,1.0,0.0,"""Every night, I hear loud sounds coming from the apartment above mine in my large Midtown co-op. I hear banging and… https://t.co/Cr3NylNTcC",64,@nytimes
0.0,Sun Jun 17 18:00:08 +0000 2018,0.0,1.0,0.0,The 25-year-old mother from Guatemala was separated from her son when she got to the U.S. border. She was told they… https://t.co/SqbmSG1gCv,65,@nytimes
-0.2732,Sun Jun 17 13:53:46 +0000 2018,0.277,0.516,0.206,"One Dead, 16 Shot at New Jersey Arts Festival https://t.co/hUeGwI2Vzg",66,@nytimes
0.0,Sun Jun 17 08:13:27 +0000 2018,0.0,1.0,0.0,"""Recently, we learned that he has been spending time talking to the interns and asked one of them on a date"" https://t.co/B2RJasKfL3",67,@nytimes
-0.5719,Sun Jun 17 02:28:09 +0000 2018,0.209,0.791,0.0,About 200 prescription drugs can cause depression. Some are also sold over-the-counter in pharmacies. https://t.co/qfLbkVVLee,68,@nytimes
0.296,Sat Jun 16 21:40:05 +0000 2018,0.103,0.744,0.153,"“We don’t make mistakes. We have happy accidents.” Meditate with the soulful witticisms of Bob Ross, and read more… https://t.co/txx9R7IsyK",69,@nytimes
0.0,Sat Jun 16 16:35:05 +0000 2018,0.0,1.0,0.0,Peru is in the World Cup for the first time since 1982. Follow live updates as the team squares off against Denmark. https://t.co/mffJ9j9Hfg,70,@nytimes
0.0,Sat Jun 16 11:41:05 +0000 2018,0.0,1.0,0.0,Here's a full schedule of the 2018 World Cup https://t.co/zr76GVMOZG,71,@nytimes
-0.1513,Sat Jun 16 07:12:39 +0000 2018,0.172,0.689,0.138,"RT @nytimesbooks: Twitter and Facebook have made us cruder, less empathetic, more tribal https://t.co/cOYLTJKAAO",72,@nytimes
-0.34,Sat Jun 16 02:32:03 +0000 2018,0.167,0.833,0.0,Jeff Sessions’s use of Bible passage to defend immigration policy draws fire https://t.co/InZkFfss5y,73,@nytimes
-0.5574,Fri Jun 15 21:46:04 +0000 2018,0.146,0.854,0.0,"Dorothy Cotton, a campaigner for voting rights in the Deep South and an aide to Dr. Martin Luther King Jr., has died https://t.co/xmuZBXA9VQ",74,@nytimes
0.2023,Fri Jun 15 19:01:03 +0000 2018,0.0,0.913,0.087,"Over 30 days and 300 miles, in temperatures reaching 100 degrees, dozens of ordinary Afghans have walked across som… https://t.co/ID5ymcL2aV",75,@nytimes
0.0,Fri Jun 15 16:16:07 +0000 2018,0.0,1.0,0.0,"The NYT review of ""Incredibles 2"" https://t.co/dzOynBPCBX https://t.co/UdSlxPT9Gz",76,@nytimes
0.0,Fri Jun 15 13:00:13 +0000 2018,0.0,1.0,0.0,Morning Briefing: Here's what you need to know to start your day https://t.co/fsfJ0ydMDS https://t.co/JfEryba3ll,77,@nytimes
-0.5423,Fri Jun 15 09:31:01 +0000 2018,0.179,0.821,0.0,Italian prosecutors have dropped a sexual harassment case against the former leader of the Italian soccer federatio… https://t.co/5BkV2P8LAA,78,@nytimes
-0.6705,Fri Jun 15 04:02:04 +0000 2018,0.391,0.609,0.0,A star is killed in a galaxy far away https://t.co/prPxRWRh8V,79,@nytimes
-0.6486,Thu Jun 14 23:47:04 +0000 2018,0.238,0.762,0.0,"An Oakland jogger, who was filmed throwing away a homeless man's belongings, was charged with a felony count of sec… https://t.co/WJjGVNmZRs",80,@nytimes
0.4404,Thu Jun 14 19:05:04 +0000 2018,0.0,0.854,0.146,"36 Hours in Seville: Take a tapas tour, learn the basics of flamenco, or relax in thermal baths https://t.co/UGkNJ4D6jG",81,@nytimes
-0.4404,Thu Jun 14 15:55:03 +0000 2018,0.121,0.879,0.0,"RT @nytvideo: There are roughly 2,000 American troops in Syria. Recently, a statement went out for direct attacks against them. Who sent it…",82,@nytimes
-0.7849,Thu Jun 14 12:15:06 +0000 2018,0.289,0.711,0.0,"""It's never a good look when Pakistan, where people are killed for blasphemy, is speaking approvingly of your laws,… https://t.co/8wFqvVTIZQ",83,@nytimes
0.0,Thu Jun 14 07:02:04 +0000 2018,0.0,1.0,0.0,Scientists are studying the sounds of this remote population of narwhals in east Greenland to understand how meltin… https://t.co/WU31N4iuke,84,@nytimes
0.25,Thu Jun 14 01:47:01 +0000 2018,0.0,0.909,0.091,RT @nytpolitics: California residents will get the chance to vote on whether to divide the world’s fifth-largest economy into three separat…,85,@nytimes
0.5267,Wed Jun 13 21:03:05 +0000 2018,0.085,0.704,0.211,"In much of the U.S., the stereotype that boys do better than girls at math isn’t true. But there’s a notable except… https://t.co/VgSel1TRxs",86,@nytimes
-0.4144,Wed Jun 13 17:53:05 +0000 2018,0.165,0.835,0.0,Whether either of the two immigration bills can pass is very much in doubt https://t.co/iPKHwMzuDj,87,@nytimes
-0.3182,Wed Jun 13 14:43:06 +0000 2018,0.151,0.753,0.096,The painter Bob Ross died in 1995. But his soothing voice is putting people to sleep in an app. https://t.co/8J3dSH4VWM,88,@nytimes
0.4215,Wed Jun 13 11:03:00 +0000 2018,0.0,0.896,0.104,"Of the 80 World Cup matches, 10 will be held in Canada, 10 in Mexico and 60 in the United States — including the fi… https://t.co/ygg4wn4PLI",89,@nytimes
-0.4588,Wed Jun 13 06:22:19 +0000 2018,0.231,0.769,0.0,"Facing Defeat on Brexit, May Gives Ground to U.K.’s Parliament https://t.co/roZj0femCb",90,@nytimes
0.0,Wed Jun 13 02:32:04 +0000 2018,0.0,1.0,0.0,President Trump blasts Robert De Niro on his way home from Singapore https://t.co/lH3MyCwd3A,91,@nytimes
-0.5106,Tue Jun 12 22:01:55 +0000 2018,0.22,0.705,0.075,"A tax that upset Amazon has been repealed by Seattle officials, offering a warning to cities bidding for the retail… https://t.co/ZLrfdqNFPN",92,@nytimes
0.0,Tue Jun 12 17:01:05 +0000 2018,0.0,1.0,0.0,10 simple takeaways from Trump’s summit meeting with Kim Jong-un https://t.co/vEh4ClPj5q,93,@nytimes
-0.5574,Tue Jun 12 12:50:00 +0000 2018,0.167,0.833,0.0,"Sepp Blatter, the former FIFA president who is serving a six-year ban from all soccer-related activities, has an op… https://t.co/2O49G99Xc5",94,@nytimes
0.6369,Tue Jun 12 08:30:09 +0000 2018,0.0,0.826,0.174,"Dennis Rodman ""is our best resource at this point right now for understanding the minds of the two men, especially… https://t.co/FvH4DyAFdh",95,@nytimes
-0.4588,Tue Jun 12 03:17:04 +0000 2018,0.12,0.88,0.0,"“I go to sleep at night beating myself up about it, thinking, ‘Why did I not at least Google the possible side effe… https://t.co/8lr367GWNo",96,@nytimes
0.0,Mon Jun 11 23:32:00 +0000 2018,0.0,1.0,0.0,Live Updates: All eyes are on Singapore ahead of the Trump-Kim summit meeting. Here’s what has happened so far: https://t.co/AMMfxYkCto,97,@nytimes
0.2732,Mon Jun 11 19:45:08 +0000 2018,0.086,0.784,0.129,RT @nytvideo: Scientists are perfecting ways to edit human genes. Where should they stop? @ClydeHaberman takes a look in a new episode of @…,98,@nytimes
0.0,Mon Jun 11 16:10:05 +0000 2018,0.0,1.0,0.0,Seafood and cheese do mix. Here's Exhibit A. https://t.co/K2MbjLH031,99,@nytimes
0.4588,Mon Jun 11 12:14:01 +0000 2018,0.0,0.667,0.333,Photos: The Tony Awards red carpet https://t.co/e31iyYs5fi,100,@nytimes
